0;SabrinaLger1;|"Autrice et poÃ¨te 
ğŸ“§ sabrina.leger19@gmail.com
ğŸŠ Mettez de la #poÃ©sie et de la #poÃ©sitivitÃ© dans :
ğŸ“Œ votre vie  / ğŸ“Œ vos romans  /ğŸ“Œ votre business"|
0;laudemarsss;"ğŸ“·JL Bertin"
0;jlints58;"Poet 48 years, Poor #tenderloinresident. Published in over 40 anthologies. Beat up by the judgement No. ğŸš©ğŸš«No DM's/Group tagsğŸš«ğŸš©Mute/Block"
1;SabrinaLger1;|"Autrice et poÃ¨te 
ğŸ“§ sabrina.leger19@gmail.com
ğŸŠ Mettez de la #poÃ©sie et de la #poÃ©sitivitÃ© dans :
ğŸ“Œ votre vie  / ğŸ“Œ vos romans  /ğŸ“Œ votre business"|
1;laudemarsss;"ğŸ“·JL Bertin"
1;reph281;"Compte de replay de @heriss28 . Tweets anciens et plus rÃ©cents pour consultation et archivage. Ã‰changes sur mon compte principal."
1;jlints58;"Poet 48 years, Poor #tenderloinresident. Published in over 40 anthologies. Beat up by the judgement No. ğŸš©ğŸš«No DM's/Group tagsğŸš«ğŸš©Mute/Block"
2;SabrinaLger1;|"Autrice et poÃ¨te 
ğŸ“§ sabrina.leger19@gmail.com
ğŸŠ Mettez de la #poÃ©sie et de la #poÃ©sitivitÃ© dans :
ğŸ“Œ votre vie  / ğŸ“Œ vos romans  /ğŸ“Œ votre business"|
2;laudemarsss;"ğŸ“·JL Bertin"
2;jlints58;"Poet 48 years, Poor #tenderloinresident. Published in over 40 anthologies. Beat up by the judgement No. ğŸš©ğŸš«No DM's/Group tagsğŸš«ğŸš©Mute/Block"
3;SabrinaLger1;|"Autrice et poÃ¨te 
ğŸ“§ sabrina.leger19@gmail.com
ğŸŠ Mettez de la #poÃ©sie et de la #poÃ©sitivitÃ© dans :
ğŸ“Œ votre vie  / ğŸ“Œ vos romans  /ğŸ“Œ votre business"|
3;laudemarsss;"ğŸ“·JL Bertin"
3;jlints58;"Poet 48 years, Poor #tenderloinresident. Published in over 40 anthologies. Beat up by the judgement No. ğŸš©ğŸš«No DM's/Group tagsğŸš«ğŸš©Mute/Block"
