hervesors|HervÃ© Sors|@StephCailleteau @BornrtE https://t.co/RHljDTK4JB|[]|['https://youtu.be/4139p4kh5Yo']
hervesors|HervÃ© Sors|@StephCailleteau @BornrtE https://t.co/7W5gZN9gmh|[]|['https://youtu.be/MEO6gYCFbr0']
hervesors|HervÃ© Sors|"@etienne_cdl Jouter sur les deux tableaux.

#ironÃ¨me #ironÃ¨mes"|['ironÃ¨me', 'ironÃ¨mes']|[]
hervesors|HervÃ© Sors|"@GDeleur Chamelons dociles
Qui marchent au bord du monde
Et se dodelinent

#haÃ¯ku"|['haÃ¯ku']|[]
hervesors|HervÃ© Sors|@SolitaireOurs @EvanSmith2 @marielaurecha @Monpsyvite @the_real_jerome @etienne_cdl @anneshizi @ErinaceusFrance Bonne annÃ©e 2021 ! ğŸ˜Š|[]|[]
hervesors|HervÃ© Sors|"@etienne_cdl L'homme indivisible !

#ironÃ¨me #ironÃ¨mes"|['ironÃ¨me', 'ironÃ¨mes']|[]
hervesors|HervÃ© Sors|"Bonne annÃ©e 2021 Ã  toutes et Ã  tous !

#BonneAnnÃ©e2021 #HappyNewYear2021
#BonneAnnÃ©e #HappyNewYear https://t.co/BJr4Wc3Kee"|['BonneAnnÃ©e2021', 'HappyNewYear2021', 'BonneAnnÃ©e', 'HappyNewYear']|[]
hervesors|HervÃ© Sors|"#ThePixies 
The Pixies - Where Is My Mind (piano solo) https://t.co/5HxCqcwFwB via @YouTube"|['ThePixies']|['https://youtu.be/36mktcbEwS4']
hervesors|HervÃ© Sors|"Needifier

#ironÃ¨me #ironÃ¨mes"|['ironÃ¨me', 'ironÃ¨mes']|[]
hervesors|HervÃ© Sors|"Moodifier

#ironÃ¨me #ironÃ¨mes"|['ironÃ¨me', 'ironÃ¨mes']|[]
hervesors|HervÃ© Sors|"@etienne_cdl L'arc de NoÃ©.

#ironÃ¨me #ironÃ¨mes"|['ironÃ¨me', 'ironÃ¨mes']|[]
hervesors|HervÃ© Sors|"Son noble combat
Ne manque pas de panache
Soutenons-la tous

#1mot1haÃ¯ku #haÃ¯ku @Faustruy 
#poÃ©sie @TweetDePoemes
#MicroPoÃ©sie #twittÃ©rature #Ombres https://t.co/o3qwGLTEo4"|['1mot1haÃ¯ku', 'haÃ¯ku', 'poÃ©sie', 'MicroPoÃ©sie', 'twittÃ©rature', 'Ombres']|[]
hervesors|HervÃ© Sors|"Non, pas une ligne,
Dans mes vieux journaux intimes,
Qui ne soit sincÃ¨re.

#1mot1haÃ¯ku #haÃ¯ku @Faustruy 
#poÃ©sie @TweetDePoemes
#MicroPoÃ©sie #twittÃ©rature #Ombres"|['1mot1haÃ¯ku', 'haÃ¯ku', 'poÃ©sie', 'MicroPoÃ©sie', 'twittÃ©rature', 'Ombres']|[]
hervesors|HervÃ© Sors|"@Faustruy Cupidon ajuste 
Ton cÅ“ur en ligne de mire
Tu vas tâ€™enflammer

#1mot1haÃ¯ku #haÃ¯ku"|['1mot1haÃ¯ku', 'haÃ¯ku']|[]
hervesors|HervÃ© Sors|"Souvenir soudain
Des jolies ombres chinoises
Que faisait ma mÃ¨re

Sur le mur au vieux crÃ©pi
Quand jâ€™Ã©tais encore enfant

#haÃ¯ku #tanka 
#poÃ©sie #MicroPoÃ©sie #twittÃ©rature 
#Ombres @BelPhilippe4"|['haÃ¯ku', 'tanka', 'poÃ©sie', 'MicroPoÃ©sie', 'twittÃ©rature', 'Ombres']|[]
hervesors|HervÃ© Sors|"@Faustruy Câ€™Ã©tait Ã§a lâ€™amour
Elle prenait soin de moi
Mais câ€™est du passÃ©

#1mot1haÃ¯ku #haÃ¯ku"|['1mot1haÃ¯ku', 'haÃ¯ku']|[]
hervesors|HervÃ© Sors|"Ses traits dÃ©licats
Les dessiner avec soin
Sur papier Canson

#1mot1haÃ¯ku #haÃ¯ku @Faustruy 
#poÃ©sie @TweetDePoemes
#MicroPoÃ©sie #twittÃ©rature 
#EmmaWatson #Ombres https://t.co/gfK9XNyfqg"|['1mot1haÃ¯ku', 'haÃ¯ku', 'poÃ©sie', 'MicroPoÃ©sie', 'twittÃ©rature', 'EmmaWatson', 'Ombres']|['https://twitter.com/DesignStack_co/status/1334286810323750916']
hervesors|HervÃ© Sors|"Mon talon dâ€™Achille
Câ€™est ce foutu cÅ“ur crÃ©dule
Qui bat la chamade

#1mot1haÃ¯ku #haÃ¯ku @Faustruy 
#poÃ©sie @TweetDePoemes
#MicroPoÃ©sie #twittÃ©rature #Ombres"|['1mot1haÃ¯ku', 'haÃ¯ku', 'poÃ©sie', 'MicroPoÃ©sie', 'twittÃ©rature', 'Ombres']|[]
hervesors|HervÃ© Sors|"Quelle est donc la cause
De la dÃ©route actuelle
Du bel humanisme ?

#HaÃ¯ku #1mot1haÃ¯ku @Faustruy 
#PoÃ©sie @TweetDePoemes
#MicroPoÃ©sie #TwittÃ©rature #Ombres
#JournÃ©eInternationaleDesDroitsDeLHomme

(Photo de Ryan J. Lane) https://t.co/R2xOVQN4QC"|['HaÃ¯ku', '1mot1haÃ¯ku', 'PoÃ©sie', 'MicroPoÃ©sie', 'TwittÃ©rature', 'Ombres', 'JournÃ©eInternationaleDesDroitsDeLHomme']|[]
hervesors|HervÃ© Sors|"Bien quâ€™anÃ©anti
Ranimer mes sentiments
Vivre de nouveau

#1mot1haÃ¯ku #haÃ¯ku @Faustruy 
#poÃ©sie @TweetDePoemes
#MicroPoÃ©sie #twittÃ©rature #Ombres"|['1mot1haÃ¯ku', 'haÃ¯ku', 'poÃ©sie', 'MicroPoÃ©sie', 'twittÃ©rature', 'Ombres']|[]
hervesors|HervÃ© Sors|@BelPhilippe4 @Faustruy @TweetDePoemes Merci Phil ! ğŸ˜Š|[]|[]
hervesors|HervÃ© Sors|"Convoquer lâ€™Amour
Pour quâ€™il daigne dÃ©cocher
Une seule flÃ¨che

Qui touche lâ€™aimÃ©e au cÅ“ur
Et non Ã  la fesse droite

#1mot1haÃ¯ku (variante)"|['1mot1haÃ¯ku']|[]
hervesors|HervÃ© Sors|"Convoquer lâ€™Amour
Pour quâ€™il daigne dÃ©cocher
Une seule flÃ¨che

Qui touche lâ€™aimÃ©e au cÅ“ur
Et non Ã  la fesse gauche

#1mot1haÃ¯ku #haÃ¯ku #tanka @Faustruy 
#poÃ©sie @TweetDePoemes
#MicroPoÃ©sie #twittÃ©rature
#Bouguereau #Ombres https://t.co/tBGGdBSgxY"|['1mot1haÃ¯ku', 'haÃ¯ku', 'tanka', 'poÃ©sie', 'MicroPoÃ©sie', 'twittÃ©rature', 'Bouguereau', 'Ombres']|[]
hervesors|HervÃ© Sors|"@Faustruy Cette jeune fille
Au caractÃ¨re Ã©nergique
Est notre avenir

#1mot1haÃ¯ku #haÃ¯ku https://t.co/vX34YxUMAc"|['1mot1haÃ¯ku', 'haÃ¯ku']|[]
hervesors|HervÃ© Sors|@viedelise ğŸ¤£ğŸ¤£ğŸ¤£ğŸ‘ğŸ‘ğŸ‘|[]|[]
hervesors|HervÃ© Sors|@AlexaheinzeA @corpsecrits Qui vous pille ? Il faut le signaler Ã  Twitter !|[]|[]
hervesors|HervÃ© Sors|"@BertrandUsclat Tacle magistral de la Macronie. Macron et sa clique sont tellement rÃ©trogrades.

#ViolencesPoliciÃ¨res #Macronie #Macronistan #Absurdistan"|['ViolencesPoliciÃ¨res', 'Macronie', 'Macronistan', 'Absurdistan']|[]
hervesors|HervÃ© Sors|"Aimable Ã©tranger
Frottons donc nos deux cervelles
Enrichissons-nous

#1mot1haÃ¯ku #haÃ¯ku @Faustruy 
#poÃ©sie @TweetDePoemes
#MicroPoÃ©sie #twittÃ©rature #Ombres"|['1mot1haÃ¯ku', 'haÃ¯ku', 'poÃ©sie', 'MicroPoÃ©sie', 'twittÃ©rature', 'Ombres']|[]
hervesors|HervÃ© Sors|"@OChartrain @etienne_cdl Ce phare du souci.

#ironÃ¨me #ironÃ¨mes"|['ironÃ¨me', 'ironÃ¨mes']|[]
hervesors|HervÃ© Sors|@FrankHodiesne C'est vrai.|[]|[]
hervesors|HervÃ© Sors|"Voir tes yeux rieurs
Scintiller comme deux gemmes
Juste de bonheur

#1mot1haÃ¯ku #haÃ¯ku @Faustruy 
#poÃ©sie @TweetDePoemes
#MicroPoÃ©sie #twittÃ©rature #Ombres"|['1mot1haÃ¯ku', 'haÃ¯ku', 'poÃ©sie', 'MicroPoÃ©sie', 'twittÃ©rature', 'Ombres']|[]
hervesors|HervÃ© Sors|"La voÃ»te cÃ©leste
OÃ¹ scintillent les Ã©toiles
La toucher du doigt

#1mot1haÃ¯ku #haÃ¯ku @Faustruy 
#poÃ©sie @TweetDePoemes
#MicroPoÃ©sie #twittÃ©rature #Ombres https://t.co/ZqXEl0dshx"|['1mot1haÃ¯ku', 'haÃ¯ku', 'poÃ©sie', 'MicroPoÃ©sie', 'twittÃ©rature', 'Ombres']|[]
hervesors|HervÃ© Sors|@FrankHodiesne En fait, je ne sais pas du tout pourquoi je dis tout Ã§a. Je me fais un peu lâ€™avocat du diable. Casser une statue câ€™est moins grave que de blesser un manifestantâ€¦|[]|[]
hervesors|HervÃ© Sors|@FrankHodiesne Moi aussi je soutiens le mouvement Black Lives Matter. Mais les gars qui ont arrachÃ© une plaque Â« Rue Victor Hugo Â» Ã  la Martinique sont un peuâ€¦ Â« Ã€ cÃ´tÃ© de la plaque Â» ? Je peux le dire ? Et, encore une fois, dÃ©grader des statues nâ€™est pas le geste le plus appropriÃ©.|[]|[]
hervesors|HervÃ© Sors|@FrankHodiesne Simplement : je comprends quâ€™un historien de lâ€™art puisse Ãªtre contrariÃ© par le fait quâ€™on abÃ®me une statue. VoilÃ  oÃ¹ je voulais en venir.|[]|[]
hervesors|HervÃ© Sors|@FrankHodiesne Dâ€™accord : mettons la statue de Colbert au fond dâ€™un musÃ©e et tout le monde est content. On nâ€™en parle plus ! ^^|[]|[]
hervesors|HervÃ© Sors|@FrankHodiesne Il y a plein de personnages historiques dÃ©testables, je te rejoins lÃ -dessus. Mais une statue ancienne ou un arbre ancien ne devraient-ils pas Ãªtre considÃ©rÃ©s comme faisant partie du patrimoine de lâ€™humanitÃ©, donc protÃ©gÃ©s ? Je pose la question.|[]|[]
hervesors|HervÃ© Sors|@FrankHodiesne Tout Ã  fait dâ€™accord avec toi, Frank, abattre un arbre centenaire est toujours une absurditÃ©. Et les statues hors dâ€™Ã¢ge vandalisÃ©es, qu'en penses-tu ? Du coup, tu comprends mieux les gens qui sont chagrinÃ©s quâ€™on touche aux statues anciennes ou pas ? Tu vois oÃ¹ je veux en venir ?|[]|[]
hervesors|HervÃ© Sors|"Bonne journÃ©e Ã  toutes et Ã  tous !
Â« I am not your enemy, just an unfamiliar friend. Â» Greg Holden
Achille + PenthÃ©silÃ©e = Love !
#Achille #PenthÃ©silÃ©e #Love #FÃ©minisme
#Citation
#PeaceAndLove #Ombres
#GregHolden #IAmNotYourEnemy 

https://t.co/A577OUFJ2c via @YouTube"|['Achille', 'PenthÃ©silÃ©e', 'Love', 'FÃ©minisme', 'Citation', 'PeaceAndLove', 'Ombres', 'GregHolden', 'IAmNotYourEnemy']|['https://youtu.be/eoMHg3BNfnw']
hervesors|HervÃ© Sors|@Osmoszys @kami_lacroix @davidatcock @BulsaMarie @BernieCalling1 @page_alexandre @Fanchassain @LouveAlpha5 @CondieRais @Alexis_Oursin @AuteurWard @antalmos @NiValAuteur @KeoTauteur @SeithAquilon @LeilaSiri @Diableetange @Angrboda_Laws @Bluebelly @samybaroukh @DollyPranne @delfenix72 @alex59530 @IsabelGarchet @EDDARDMINGWE @AlexandreRabor @DeCalame @PetrovskyBL @onirics_neko @etienne_cdl @Faustruy @assiselafileuse @ThomasSpok @EmmaLescouet @PetitTheatreJMP Bonsoir Ã  tous, @EmmaLescouet souhaite Ãªtre retirÃ©e de la liste des notifications. Pensez Ã  dÃ©cocher son nom en rÃ©pondant. Merci pour elle. DÃ©solÃ©, Emmanuelle !|[]|[]
hervesors|HervÃ© Sors|"@Osmoszys @kami_lacroix @davidatcock @BulsaMarie @BernieCalling1 @page_alexandre @Fanchassain @LouveAlpha5 @CondieRais @Alexis_Oursin @AuteurWard @antalmos @NiValAuteur @KeoTauteur @SeithAquilon @LeilaSiri @Diableetange @Angrboda_Laws @Bluebelly @samybaroukh @DollyPranne @delfenix72 @alex59530 @IsabelGarchet @EDDARDMINGWE @AlexandreRabor @DeCalame @PetrovskyBL @onirics_neko DÃ©fi acceptÃ© ! 
Je fais suivre : 
1. Publiez la couverture dâ€™un livre (sans dire pourquoi). 
2. Proposez Ã  six personnes d'en faire autant. 
Je choisis de mentionner : 
@etienne_cdl
@Faustruy
@assiselafileuse
@ThomasSpok
@EmmaLescouet
@PetitTheatreJMP https://t.co/C19YAjQpyz"|[]|[]
hervesors|HervÃ© Sors|"Le soleil se lÃ¨ve
Ombres et clartÃ© se mÃªlent
Sous-bois enchanteurs

#HaÃ¯ku #PoÃ©sie
#MicroPoÃ©sie #TwittÃ©rature
#Ombres https://t.co/mrJXs9M0HN"|['HaÃ¯ku', 'PoÃ©sie', 'MicroPoÃ©sie', 'TwittÃ©rature', 'Ombres']|[]
hervesors|HervÃ© Sors|@assiselafileuse Merci !|[]|[]
hervesors|HervÃ© Sors|"Et voilÃ  : je viens de dÃ©passer les cinquante mille mots. Je suis arrivÃ© au bout de mon nanowrimo 2020.
Je suis content ! 
Câ€™est une formidable opportunitÃ© de se forcer Ã  Ã©crire tous les jours pendant un mois et on prend la confiance !
#nanowrimo2020 #NaNoWriMo #amwriting https://t.co/8y70rA0QxM"|['nanowrimo2020', 'NaNoWriMo', 'amwriting']|[]
hervesors|HervÃ© Sors|"Dans le petit jour
Sâ€™Ã©ploient les premiÃ¨res ombres
Longues et graciles

#HaÃ¯ku #PoÃ©sie 
#MicroPoÃ©sie #TwittÃ©rature
#Ombres https://t.co/GL2G4yTWq9"|['HaÃ¯ku', 'PoÃ©sie', 'MicroPoÃ©sie', 'TwittÃ©rature', 'Ombres']|[]
hervesors|HervÃ© Sors|"@etienne_cdl Avoir le corps Ã  gauche.

#ironÃ¨me #ironÃ¨mes"|['ironÃ¨me', 'ironÃ¨mes']|[]
hervesors|HervÃ© Sors|@FrankHodiesne @page_alexandre Je ne fais pas une enquÃªte de bonnes mÅ“urs sur les autrices et auteurs que je suis sur Twitter ! Ã‰coute, continue de douter, c'est toujours mieux que d'avoir des certitudes !|[]|[]
hervesors|HervÃ© Sors|@FrankHodiesne @page_alexandre Bah, ce nâ€™est pas grave, Ã§a ne va rien changer, puisque tu ne faisais pas du tout attention Ã  ce que je tweete ou retweete, sinon tu saurais que je partage plutÃ´t tes idÃ©es que celles que tu prÃªtes Ã  Alexandre.|[]|[]
hervesors|HervÃ© Sors|@BelPhilippe4 @assiselafileuse @Nuagedeparis1 @Chtimide @PrinceMots14 @ClCharpentier @ThomasSpok @lechesnier @Livresplyriel @SSaara121 Bon week-end !|[]|[]
hervesors|HervÃ© Sors|@BelPhilippe4 @assiselafileuse @Nuagedeparis1 @Chtimide @PrinceMots14 @ClCharpentier @ThomasSpok @lechesnier @Livresplyriel @SSaara121 Salut Phil, ton idÃ©e part sans doute dâ€™un bon sentiment, maisâ€¦ Est-ce que câ€™est une bonne chose, de chercher plus de visibilitÃ© sur Twitter Ã  tout prix ?  Je ne suis pas sÃ»râ€¦ Enfin, si tu vas au bout de ton idÃ©e, tu pourrais appeler ton hashtag #DansLOmbre|['DansLOmbre']|[]
hervesors|HervÃ© Sors|"Jâ€™en suis Ã  47071 mots. 
Je vois la ligne dâ€™arrivÃ©e de ce marathon littÃ©raire se rapprocher !
#nanowrimo2020 #NaNoWriMo #amwriting https://t.co/tlzSGsLyrl"|['nanowrimo2020', 'NaNoWriMo', 'amwriting']|[]
hervesors|HervÃ© Sors|"Lundi soir, j'ai passÃ© la barre des 40000 mots. ğŸ˜Š

#nanowrimo2020 #NaNoWriMo #amwriting"|['nanowrimo2020', 'NaNoWriMo', 'amwriting']|[]
hervesors|HervÃ© Sors|"""ÃŠtre nÃ© quelque part, pour celui qui est nÃ©, c'est toujours un hasard."" Maxime Le Forestier 

#RÃ©publique #Macron20h 
#StopLoiSÃ©curitÃ©Globale #ViolencesPolicieres 

#MaximeLeForestier

https://t.co/mbxQvp26GI"|['RÃ©publique', 'Macron20h', 'StopLoiSÃ©curitÃ©Globale', 'ViolencesPolicieres', 'MaximeLeForestier']|['https://youtu.be/DagKAzSk9Z8']
hervesors|HervÃ© Sors|"@etienne_cdl Manger avec une Ã©cuyÃ¨re.

#ironÃ¨me #ironÃ¨mes"|['ironÃ¨me', 'ironÃ¨mes']|[]
hervesors|HervÃ© Sors|"@Osmoszys Dix ceps sur vingt.

#ironÃ¨me #ironÃ¨mes"|['ironÃ¨me', 'ironÃ¨mes']|[]
hervesors|HervÃ© Sors|"@SolitaireOurs @etienne_cdl Remettre les compteurs Ã  Zorro.

#ironÃ¨me  #ironÃ¨mes"|['ironÃ¨me', 'ironÃ¨mes']|[]
hervesors|HervÃ© Sors|"@Osmoszys dix huÃ®tres sur vingt.

#ironÃ¨me #ironÃ¨mes"|['ironÃ¨me', 'ironÃ¨mes']|[]
hervesors|HervÃ© Sors|"Des nids de rÃ©alitÃ©.

#ironÃ¨me #ironÃ¨mes"|['ironÃ¨me', 'ironÃ¨mes']|[]
hervesors|HervÃ© Sors|"@etienne_cdl Fond de teint de jouvence.

#ironÃ¨me #ironÃ¨mes"|['ironÃ¨me', 'ironÃ¨mes']|[]
hervesors|HervÃ© Sors|"@etienne_cdl Mitaines de jouvence.

#ironÃ¨me #ironÃ¨mes"|['ironÃ¨me', 'ironÃ¨mes']|[]
hervesors|HervÃ© Sors|@ClemPouletty ğŸ¤£ğŸ¤£ğŸ¤£|[]|[]
hervesors|HervÃ© Sors|"Hello wrimos, nanoteuses et nanoteurs !
Depuis le dÃ©but de ce #nanowrimo2020, jâ€™accusais un retard de deux mille mots.
Mais samedi, jâ€™en ai Ã©crit 3259 ! Et dimanche soir, jâ€™ai passÃ© la barre des 25000 mots !
Et vous ? Allez, on se motive !
#NaNoWriMo #amwriting https://t.co/ngNs7BEsmb"|['nanowrimo2020', 'NaNoWriMo', 'amwriting']|[]
hervesors|HervÃ© Sors|@EllaSawyerBook Il ne faut pas se dÃ©courager, il reste deux semaines ! Allez, il faut sâ€™y remettre, il ne faut pas lÃ¢cher lâ€™affaire !|[]|[]
hervesors|HervÃ© Sors|"@etienne_cdl Ã‰paule d'anneau.

#ironÃ¨me #ironÃ¨mes"|['ironÃ¨me', 'ironÃ¨mes']|[]
hervesors|HervÃ© Sors|@ClemPouletty Les rosiers [grimpants], si tu ne les tailles pas comme il faut, ils peuvent vite devenir envahissants !|[]|[]
hervesors|HervÃ© Sors|"J'ai passÃ© la barre des 10000 mots ! ğŸ˜Š

#nanowrimo2020 #NaNoWriMo #amwriting"|['nanowrimo2020', 'NaNoWriMo', 'amwriting']|[]
hervesors|HervÃ© Sors|@aleciawrites J'ai passÃ© la barre des 10000 mots ! ğŸ˜Š|[]|[]
hervesors|HervÃ© Sors|"Un sourire aux lÃ¨vres
DÃ©mocrates fous de joie
Le monde respire

(A smile on my lips
Joyful Democrats
The world breathes)

#haÃ¯ku #poÃ©sie (#poetry)
#MicroPoÃ©sie #twittÃ©rature 
#Elections2020 #Election2020results"|['haÃ¯ku', 'poÃ©sie', 'poetry', 'MicroPoÃ©sie', 'twittÃ©rature', 'Elections2020', 'Election2020results']|[]
hervesors|HervÃ© Sors|"@etienne_cdl ChaÃ®ne centenaire.

#ironÃ¨me #ironÃ¨mes"|['ironÃ¨me', 'ironÃ¨mes']|[]
hervesors|HervÃ© Sors|"Un sourire aux lÃ¨vres
DÃ©mocrates en liesse
Le monde respire

#haÃ¯ku #poÃ©sie 
#MicroPoÃ©sie #twittÃ©rature
#Elections2020 #Election2020results"|['haÃ¯ku', 'poÃ©sie', 'MicroPoÃ©sie', 'twittÃ©rature', 'Elections2020', 'Election2020results']|[]
hervesors|HervÃ© Sors|@etienne_cdl Pour moi, ils forment plutÃ´t un tableau hÃ©tÃ©rogÃ¨ne, changeant, surprenant, impossible Ã  cerner. C'est l'altÃ©ritÃ© brute. Un beau patchwork. Un autre visage du monde. Souvent sympathique.|[]|[]
hervesors|HervÃ© Sors|@NoirdAbsinthe Merci !|[]|[]
hervesors|HervÃ© Sors|"Hello, les participants du #nanowrimo2020  !
LÃ , nous sommes au sixiÃ¨me jour du NaNo et j'ai pÃ©niblement passÃ© la barre des 5000 mots hier soir. C'est chaud les marrons. A ce rythme, je vais finir le 19 dÃ©cembre ! ğŸ¤£
Et pour vous, comment Ã§a se passe ?

#NaNoWriMo #amwriting"|['nanowrimo2020', 'NaNoWriMo', 'amwriting']|[]
hervesors|HervÃ© Sors|@KeoTauteur Jâ€™ai gagnÃ©. Jâ€™ai tuÃ© tous les dieux qui auraient pu prendre votre dÃ©fense. Je les ai dÃ©faits, Ã©charpÃ©s, anÃ©antis. Et maintenant, faibles humains, je vais remonter des enfers et vous dÃ©cimer tous. Nul abri sur cette terre ne pourra vous soustraire Ã  mon courroux. Armageddon !!!|[]|[]
hervesors|HervÃ© Sors|"@ClemPouletty La place de ""First Gentleman"" est-elle toujours disponible ?"|[]|[]
hervesors|HervÃ© Sors|"Bon #NaNoWriMo2020 Ã  toutes et Ã  tous ! Ã‰crivez bien !
DÃ©marrage tardif et tranquille pour moi : 709 mots au compteur en ce premier jour.
#NaNoWriMo https://t.co/Mw4tkDPnBL"|['NaNoWriMo2020', 'NaNoWriMo']|[]
hervesors|HervÃ© Sors|@Juliana_Lyn_ Je vais devoir improviser, comme d'habitude. Bon #NaNoWriMo Ã  toi !|['NaNoWriMo']|[]
hervesors|HervÃ© Sors|@Juliana_Lyn_ Pas du tout prÃªt. Pantser un jour, pantser toujours !|[]|[]
hervesors|HervÃ© Sors|"#VendrediLecture
Je ne peux pas mâ€™empÃªcher de collectionner les livres qui donnent des conseils dâ€™Ã©criture.
Je suis en train de lire Comment bien raconter des histoires, de Dorian Lake (Aux Ã©ditions @NoirdAbsinthe). https://t.co/R0pRy9VNz3"|['VendrediLecture']|[]
hervesors|HervÃ© Sors|@PerdrixSimon @HalleyAnthony_ Je suis sidÃ©rÃ© par cet Ã©change. Simon a tout dit. La libertÃ© dâ€™expression n'est pas nÃ©gociable. S'il y a des personnes assez stupides et intolÃ©rantes pour ne pas supporter la critique, la satire et la caricature propres Ã  notre culture, elles sont irrÃ©cupÃ©rables.|[]|[]
hervesors|HervÃ© Sors|@ClemPouletty https://t.co/lyb4NB4yrr|[]|[]
hervesors|HervÃ© Sors|@ClemPouletty Est-ce que tu as lu Les onze, de Pierre Michon ? Est-ce que c'est bien ? Devrais-je me dÃ©pÃªcher de lâ€™acheter ?|[]|[]
hervesors|HervÃ© Sors|"@alanloff @etienne_cdl Bunny Hill

#ironÃ¨me #ironÃ¨mes"|['ironÃ¨me', 'ironÃ¨mes']|[]
hervesors|HervÃ© Sors|@Faustruy Merci, Floriane, pour ton super hashtag. C'Ã©tait une chouette session ! ğŸ˜Š|[]|[]
hervesors|HervÃ© Sors|"Partir dans le vent
Sâ€™Ã©lever haut dans lâ€™azur
Respirer lâ€™air pur

#1mot1haÃ¯ku #haÃ¯ku @Faustruy 
#poÃ©sie @TweetDePoemes
#MicroPoÃ©sie #twittÃ©rature https://t.co/lFTjp4wTnr"|['1mot1haÃ¯ku', 'haÃ¯ku', 'poÃ©sie', 'MicroPoÃ©sie', 'twittÃ©rature']|[]
hervesors|HervÃ© Sors|"Partir sur le vent
Sâ€™acheminer vers le ciel
Loin des assassins

#1mot1haÃ¯ku #haÃ¯ku @Faustruy 
#poÃ©sie @TweetDePoemes
#MicroPoÃ©sie #twittÃ©rature
#SamuelPaty https://t.co/Go0G97RjDT"|['1mot1haÃ¯ku', 'haÃ¯ku', 'poÃ©sie', 'MicroPoÃ©sie', 'twittÃ©rature', 'SamuelPaty']|[]
hervesors|HervÃ© Sors|"Notre inquiÃ©tude
La lumiÃ¨re vespÃ©rale
La dissipera

#1mot1haÃ¯ku #haÃ¯ku @Faustruy
#poÃ©sie @TweetDePoemes
#MicroPoÃ©sie #twittÃ©rature https://t.co/U1bWgjfBOt"|['1mot1haÃ¯ku', 'haÃ¯ku', 'poÃ©sie', 'MicroPoÃ©sie', 'twittÃ©rature']|[]
hervesors|HervÃ© Sors|"Un Ã©lan du cÅ“ur
Est un signe manifeste
Que lâ€™on est vivant

#1mot1haÃ¯ku #haÃ¯ku @Faustruy 
#poÃ©sie @TweetDePoemes
#MicroPoÃ©sie #twittÃ©rature https://t.co/GIAYkpuBeX"|['1mot1haÃ¯ku', 'haÃ¯ku', 'poÃ©sie', 'MicroPoÃ©sie', 'twittÃ©rature']|[]
hervesors|HervÃ© Sors|"Le geste guidÃ©
Par le gÃ©nie du sculpteur
PrÃªte vie au marbre

#1mot1haÃ¯ku #haÃ¯ku @Faustruy 
#poÃ©sie @TweetDePoemes
#MicroPoÃ©sie #twittÃ©rature
#LorenzoBartolini https://t.co/hDthXpbdbf"|['1mot1haÃ¯ku', 'haÃ¯ku', 'poÃ©sie', 'MicroPoÃ©sie', 'twittÃ©rature', 'LorenzoBartolini']|[]
hervesors|HervÃ© Sors|"@Faustruy Quand jâ€™Ã©tais petit
Ma mÃ¨re me chantonnait
De douces comptines

#1mot1haÃ¯ku #haÃ¯ku"|['1mot1haÃ¯ku', 'haÃ¯ku']|[]
hervesors|HervÃ© Sors|"@noel_talipo @Faustruy Mais quelle Ã©tait donc
Cette comptine entÃªtante
Et tâ€™en souviens-tu ?"|[]|[]
hervesors|HervÃ© Sors|"Brutes et crÃ©tins
EntÃ©s Ã  notre pays
Lui portent atteinte

Notre culture vaincra
Lâ€™obscurantisme mourra

#1mot1haÃ¯ku #haÃ¯ku #tanka @Faustruy
#poÃ©sie @TweetDePoemes
#MicroPoÃ©sie #twittÃ©rature
#LibertÃ©DExpression #ToujoursCharlie https://t.co/QxDpgCasts"|['1mot1haÃ¯ku', 'haÃ¯ku', 'tanka', 'poÃ©sie', 'MicroPoÃ©sie', 'twittÃ©rature', 'LibertÃ©DExpression', 'ToujoursCharlie']|[]
QuatreSoupirs|Quart de Soupir|@BelPhilippe4 Un peu de gazocafeÃ¯ne ? ğŸ˜‰ğŸ˜…ğŸ‘|[]|[]
QuatreSoupirs|Quart de Soupir|@SadSandrine Bonne journÃ©e Sandrine ! ğŸ’â˜€ï¸âœï¸â˜•|[]|[]
QuatreSoupirs|Quart de Soupir|@Chouny111 TrÃ¨s belle journÃ©e Chouny ! On tire le rideau la semaine dÃ©marre ! ğŸŒ¬ï¸ â˜€ï¸â˜•â˜•ğŸ˜‰ğŸ˜˜|[]|[]
QuatreSoupirs|Quart de Soupir|@SyllViie10 TrÃ¨s bonne semaine emplie de sÃ©rÃ©nitÃ© Syllviie ! ğŸ™ğŸ’â˜€ï¸â˜•ğŸ¤—|[]|[]
QuatreSoupirs|Quart de Soupir|"@BelPhilippe4 Messieurs les bambous
De vos bras protÃ©gez-la
Chaleur bienvenue ğŸ¥€

#Ã©cho #Ombres"|['Ã©cho', 'Ombres']|[]
QuatreSoupirs|Quart de Soupir|@HerveTiss TrÃ¨s bonne semaine HervÃ© ! â˜•âœï¸|[]|[]
QuatreSoupirs|Quart de Soupir|"@JPRhaiku Eole sourit
Le drapÃ© se dÃ©chire
RÃª nous fait signe 

#Ombres #Ã©cho"|['Ombres', 'Ã©cho']|[]
QuatreSoupirs|Quart de Soupir|@Paulo18000 Une invitation au rÃªve ğŸ˜‰ğŸŒ·â˜€ï¸ğŸ’«|[]|[]
QuatreSoupirs|Quart de Soupir|"@Paulo18000 Bonjour Paulo ! Merci oui bien dormi et le soleil sera plus prÃ©sent aujourd'hui ğŸ˜Š
TrÃ¨s bonne semaine ! â˜• ğŸŒˆğŸŒ·ğŸŒ»ğŸŒºğŸ¤—"|[]|[]
QuatreSoupirs|Quart de Soupir|@Paulo18000 Bonne nuit Paulo ğŸ˜ŠğŸ¤—ğŸ¾ Ã  demain ! ğŸŒ™ğŸ’«âœï¸ https://t.co/jKg58ojm1Q|[]|[]
QuatreSoupirs|Quart de Soupir|@Paulo18000 Non difficile c'est vrai....ğŸ¤·ğŸŒš et si en plus on a les doigts gelÃ©s....ğŸ¥¶ Mais tu t'en es trÃ¨s bien sorti ! ğŸŒ¹|[]|[]
QuatreSoupirs|Quart de Soupir|@Paulo18000 Oui...et l'heure ! â˜€ï¸ğŸŒ’ğŸŒ™ğŸŒ»|[]|[]
QuatreSoupirs|Quart de Soupir|@Paulo18000 Houlala...ğŸ˜… DÃ©solÃ©e ! Je ne pensais pas Ã  de la neige â„ï¸...ğŸ‘|[]|[]
QuatreSoupirs|Quart de Soupir|"@franckwatier Le chef d'orchestre donne le la ğŸ¶
Bonne soirÃ©e Franck âœï¸ğŸŒ™"|[]|[]
QuatreSoupirs|Quart de Soupir|PrÃ©servons notre terre ğŸ™ https://t.co/AsaYAG1LNN|[]|['https://twitter.com/Abdulla06291789/status/1348352562387275779']
QuatreSoupirs|Quart de Soupir|@Abdulla06291789 ğŸ™|[]|[]
QuatreSoupirs|Quart de Soupir|@GadenneV @DEspoiretoile La femme serait-elle un pÃ©chÃ© ? La seule Ã  rÃ©sister dans un monde cahotique parceque reprÃ©sentant le mal ?|[]|[]
QuatreSoupirs|Quart de Soupir|"@Paulo18000 TrÃ¨s joli mot...
Mais je suis curieuse c'est quoi ? Un cookie ?"|[]|[]
QuatreSoupirs|Quart de Soupir|"@Paulo18000 Ce matin il a plu
Le soleil n'est pas vraiment venu
La nuit est revenue...

ğŸ˜‰"|[]|[]
QuatreSoupirs|Quart de Soupir|@Je_Pense_Tout_O FraÃ®cheur aquatique ğŸ˜‚ğŸ‘ merci bonne soirÃ©e !|[]|[]
QuatreSoupirs|Quart de Soupir|"@Paulo18000 J'arrive un peu sur le fil...il serait tant ğŸ˜‚
Bonne soirÃ©e ! ğŸŒ¹âœï¸ğŸŒ™ğŸ’«"|[]|[]
QuatreSoupirs|Quart de Soupir|@mic57330021 @joBlueGreen28 Merci ğŸ™ trÃ¨s bonne soirÃ©e ğŸŒ™|[]|[]
QuatreSoupirs|Quart de Soupir|@Chouny111 Bonne soirÃ©e @Chouny111 ! ğŸµğŸµğŸ˜‰ğŸŒ™ğŸ’«|[]|[]
QuatreSoupirs|Quart de Soupir|@BremaMoatib ğŸ‘ j'adore...|[]|[]
QuatreSoupirs|Quart de Soupir|"@HerveTiss Alors bon anniversaire ! ğŸ¥³
Et bonne soirÃ©e !"|[]|[]
QuatreSoupirs|Quart de Soupir|@mic57330021 @joBlueGreen28 Je ne vois pas JoBlue mais merci Ã  vous deux, bonne soirÃ©e !|[]|[]
QuatreSoupirs|Quart de Soupir|@Paulo18000 ğŸ¤—ğŸ‘|[]|[]
QuatreSoupirs|Quart de Soupir|@Paulo18000 Bonsoir Paulo ğŸ™‹ j'arrive ! Je vais bien merci et toi ? A plus tard peut-Ãªtre ou sinon bonne soirÃ©e ğŸ˜‰ğŸ¤—ğŸ¶ğŸŒˆğŸ¾âœï¸ğŸŒ™ğŸ’«|[]|[]
QuatreSoupirs|Quart de Soupir|"@Je_Pense_Tout_O Oui il pense trop fort ğŸ˜‰
Merci beaucoup Raven ğŸ™ pour ce sublime retour âœï¸ğŸ˜‰"|[]|[]
QuatreSoupirs|Quart de Soupir|"@SyllViie10 @Lapanthere59 ğŸ˜‚ j'en sur le ventre qui m'empÃªche d'Ã©crire, un au dessus qui attend son tour et un aux pieds ğŸ™ƒ alors je comprends trÃ¨s bien ğŸ¤¦
Bonne nuit Syllviie ğŸ™ğŸŒ™ğŸ’«"|[]|[]
QuatreSoupirs|Quart de Soupir|@Paulo18000 TrÃ¨s joli ğŸ¤—ğŸ™âœï¸ğŸ’«|[]|[]
QuatreSoupirs|Quart de Soupir|@Paulo18000 ğŸ™‹ğŸ¤—ğŸŒ™ğŸ’«|[]|[]
QuatreSoupirs|Quart de Soupir|"@JPRhaiku @BelPhilippe4 Perdus nous sommes
Dans cette salle des pas
Empreintes de pieds

Nous a fait dÃ©passer la ligne de coloriage
Salle de jeux pour les enfants perdus ğŸ§šâ€â™€ï¸

#haiku #Ombres"|['haiku', 'Ombres']|[]
QuatreSoupirs|Quart de Soupir|@Paulo18000 Merci ğŸ™ ğŸ¤—ğŸ’«ğŸŒ™ https://t.co/83oVJHTeKC|[]|[]
QuatreSoupirs|Quart de Soupir|@Chouny111 Courte et bonne nuit alors ! ğŸ˜‚ğŸ™‹ğŸŒ™ğŸ’«|[]|[]
QuatreSoupirs|Quart de Soupir|@sethi_seven Merci Sethi ğŸ™|[]|[]
QuatreSoupirs|Quart de Soupir|"@sethi_seven @Je_Pense_Tout_O @JogamayaCanvas Bonsoir Sethi, je dÃ©barque Ã  peine un peu long Ã  Ã©crire sur Twitter ğŸ¤ª
Bonne soirÃ©e Ã  tous !"|[]|[]
QuatreSoupirs|Quart de Soupir|"@letittwitt Merci beaucoup Fleur, ğŸ™ oui c'est une fable ğŸ˜‰
TrÃ¨s bonne soirÃ©e âœï¸ğŸŒ™ğŸ’«"|[]|[]
QuatreSoupirs|Quart de Soupir|@KaryBen Merci ğŸ™|[]|[]
QuatreSoupirs|Quart de Soupir|@Paulo18000 Je reviens Ã  peine... trÃ¨s bonne soirÃ©e Paulo ğŸ™ğŸ¤—ğŸ¾ğŸŒ™ğŸ’«|[]|[]
QuatreSoupirs|Quart de Soupir|@GadenneV @artistgreco https://t.co/tu2IgaEMzF|[]|['https://twitter.com/artistgreco/status/1346864783560220674?s=19']
QuatreSoupirs|Quart de Soupir|"@GadenneV @artistgreco Je n'ai pas la chance de connaÃ®tre tous ces musÃ©es mais j'imagine effectivement que ce doit Ãªtre grandiose de pouvoir s'extasier devant. Ici nous avons la chance d'avoir quelques BrÃ©a dans certaines Ã‰glises
Quant Ã  Greco celui-ci est 1 de mes prÃ©fÃ©rÃ© car diffÃ©rent dans sa lumiÃ¨re"|[]|[]
QuatreSoupirs|Quart de Soupir|"8/8
Ã€ force de se battre, chercher, lutter
Il trouvera son lac, havre de paix et Ã©tourdi 
Par tant de beautÃ© trouvera le repos bien mÃ©ritÃ©

#Ombres 

ğŸ¨ Henri Matisse - Bocal poisson rouge https://t.co/OxkP7uIOtR"|['Ombres']|[]
QuatreSoupirs|Quart de Soupir|"7/8
Et comme cela notre petit poisson Ã©poustouflant de vie
Pensait et rÃªvait, allant trop souvent Ã  contre courant
Pour le goÃ»t de ses confrÃ¨res environnants
De toutes ses forces il continuait inlassablement s'Ã©puisant
Mais un jour viendra sous yeux Ã©bahis"|[]|[]
QuatreSoupirs|Quart de Soupir|"6/8
OÃ¹ mon corps si voluptueux pourrait s'y dÃ©primer
Je voudrais tant trouver mon compagnon de route
Et le sac Ã  dos nous visiterions des domaines inÃ©dits
Mais le malheur est lÃ , il faut bien gagner sa croÃ»te
Et au placard ranger de temps en temps nos folies"|[]|[]
QuatreSoupirs|Quart de Soupir|"5/8
Ã‡a y est...je bloque sur ces diaments qui s'enfoncent !
Ouvrir grand mes yeux, Ã©carquiller grand mes ouÃ¯es
Je ne pourrai vivre sans cette dÃ©fonce !
Je voyage et approfondie mes recherches
Mais attention Ã  ne pas trop profond aller
M'enfouir dans la vase hypocrite et revÃªche"|[]|[]
QuatreSoupirs|Quart de Soupir|"4/8
Je voudrais aller au soleil et me faire dorer
Je voudrais parler mais les sons ne viennent pas
Je voudrais m'Ã©chapper mais ma prison m'a enfermÃ©e
Je voudrais pouvoir aimer mais la promise venue n'est pas
Plouf plouf ! Voila madame la Pluie !"|[]|[]
QuatreSoupirs|Quart de Soupir|"3/8
VoilÃ  qu'il fait des bulles, c'est un marrant !
Il pensait si fort que les autres l'entendaient
Il titille Ã  droite Ã  gauche, devant derriÃ¨re,
Mais de sa vie qu'allait-il en faire se demandait ?
Suis-je condamnÃ© Ã  vivre de cette maniÃ¨re ?"|[]|[]
QuatreSoupirs|Quart de Soupir|"2/8
Un jour voguait entre deux eaux
Un enchanteresque  joli petit poisson
L'Å“il doux et du rouge sa peau
De jolis reflets s'y Ã©vapore. C'est un sacrÃ© polisson !
Il nageait, nageait, nageait...
Faisant des haltes, se nourrissant, observant
Mais jusqu'oÃ¹ allait il aller ?"|[]|[]
QuatreSoupirs|Quart de Soupir|"1/8
Ã‰criture de mes vingt ans. Aujourd'hui je la dÃ©die Ã  quelqu'un d'ici qui se reconnaÃ®tra... d'autres s'y retrouveront peut-Ãªtre. La vie n'est pas faite pour vivre dans un bocal

Il y a la terre, l'eau, l'air et l'univers
Chacun trouvera et doit trouver son Ã©lÃ©ment
#Ombres"|['Ombres']|[]
QuatreSoupirs|Quart de Soupir|"@Lapanthere59 Je vais essayer, mon fils repars en fin de journÃ©e, ce soir j'aurai des bleus au â¤ï¸ğŸ˜”...
ğŸ˜˜"|[]|[]
QuatreSoupirs|Quart de Soupir|@Chouny111 ğŸ™‹ğŸ˜‰â˜•â˜•|[]|[]
QuatreSoupirs|Quart de Soupir|@Lapanthere59 ğŸ˜‰ğŸ’|[]|[]
QuatreSoupirs|Quart de Soupir|@Lapanthere59 Je me sauve... Bon weekend Sandrine ğŸ™â˜•ğŸ˜˜|[]|[]
QuatreSoupirs|Quart de Soupir|@Chouny111 ğŸ™ merci, je me sauve ! â˜•â˜•â˜€ï¸|[]|[]
QuatreSoupirs|Quart de Soupir|@Paulo18000 ğŸ™ğŸ˜‰ Ã  plus...ğŸ¾ğŸŒ¹âœï¸|[]|[]
QuatreSoupirs|Quart de Soupir|"@JPRhaiku @BelPhilippe4 Capote perdue
Histoire vraie et vÃ©cue
RÃ©el est l'impair

J'en suis la preuve vivante
Pour cela je prÃ©fÃ¨re les paires  
Â¯\_(ãƒ„)_/Â¯

#Ã©cho #tanka #raiku"|['Ã©cho', 'tanka', 'raiku']|[]
QuatreSoupirs|Quart de Soupir|@Je_Pense_Tout_O @JogamayaCanvas @sethi_seven ğŸ˜‰bon weekend Raven ğŸ˜˜|[]|[]
QuatreSoupirs|Quart de Soupir|@Lapanthere59 T'aimer et s'aimer...|[]|[]
QuatreSoupirs|Quart de Soupir|"@GadenneV @artistgreco Fan de Greco ğŸ™...
TrÃ¨s bon weekend Vincent ğŸ–Œï¸âœï¸â˜€ï¸"|[]|[]
QuatreSoupirs|Quart de Soupir|@Paulo18000 Oui Ã§a va mieux merci ğŸ˜‰ je te souhaite un trÃ¨s trÃ¨s bon weekend Paulo ğŸ™ğŸ¤—ğŸŒ¹ğŸ¾ğŸ¶âœï¸â˜€ï¸ğŸŒˆ peut Ãªtre Ã  plus tard ğŸ˜˜|[]|[]
QuatreSoupirs|Quart de Soupir|"@Lapanthere59 Bonjour Sandrine, un trÃ¨s beau lac de montagne pour s'Ã©vader...
TrÃ¨s bon weekend ğŸ™ğŸ’â˜€ï¸ğŸ˜˜"|[]|[]
QuatreSoupirs|Quart de Soupir|"@parfumsdefemme ğŸ˜‚ de tes grands yeux
Les skieurs seront bronzÃ©s Ã  la fonte des neiges"|[]|[]
QuatreSoupirs|Quart de Soupir|@zazafontaine42 Merci ğŸ™ !!! ğŸ’â˜€ï¸|[]|[]
QuatreSoupirs|Quart de Soupir|@SyllViie10 Merci ğŸ™ğŸ’ğŸ¾ğŸŒˆ|[]|[]
QuatreSoupirs|Quart de Soupir|@Chouny111 ğŸ™ trÃ¨s beau Weekend Chouny â˜€ï¸ğŸŒ¨ï¸ğŸ¶âœï¸ et pour se rÃ©chauffer ğŸ˜‰ tchin ! â˜•â˜•|[]|[]
QuatreSoupirs|Quart de Soupir|"@Je_Pense_Tout_O @JogamayaCanvas Cela me rappelle les toiles de quelqu'un ğŸ¤” non ? @sethi_seven ?
ğŸ‘"|[]|[]
QuatreSoupirs|Quart de Soupir|@SyllViie10 TrÃ¨s bon weekend Syllviie ğŸ™ğŸ’ğŸ¾ğŸ¶âœï¸â˜€ï¸|[]|[]
QuatreSoupirs|Quart de Soupir|@zazafontaine42 TrÃ¨s bon weekend Isabella ! ğŸ¤—ğŸ¾ğŸ’ğŸŒ¨ï¸â˜€ï¸âœï¸ğŸ¶|[]|[]
QuatreSoupirs|Quart de Soupir|"@BelPhilippe4 @JPRhaiku Aux nombres impairs
Je prÃ©fÃ¨re la paire
Deux quatre six huit

Avec une paire d'ailes #haiku et #tanka prennent leurs pieds ğŸ¤¦ğŸ¤­ 

#Ombres"|['haiku', 'tanka', 'Ombres']|[]
QuatreSoupirs|Quart de Soupir|"#ColoreTonFil  #PetitsBonheurs
L'arbre aux 40 Ã©cus, ginkgo biloba, arrivÃ© sur terre  avant les animaux et les fleurs, 270 millions d'annÃ©es, Ã  survÃ©cu Ã  Hiroshima ğŸ™ 

ğŸ–Œï¸Pamir Thompson https://t.co/Hwjl1BljPE"|['ColoreTonFil', 'PetitsBonheurs']|[]
QuatreSoupirs|Quart de Soupir|@SimplementAnto @KaryBen ğŸŒ¨ï¸ğŸ‘ğŸ‘Œ|[]|[]
QuatreSoupirs|Quart de Soupir|"@JPRhaiku Crayon et fusain 
Surtout ne pas dÃ©passer
Doigts tout cafouillÃ©s  ğŸ˜‚

#Ã©cho #Ombres https://t.co/IrNYT1nATu"|['Ã©cho', 'Ombres']|[]
QuatreSoupirs|Quart de Soupir|"SÃ©quence rÃ©tro, sÃ©quence Ã©motion, au choix ğŸ˜‰
Mickey Rourke &amp; Kim Basinger - nine 1/2 weeks
https://t.co/B2eiwQtIZC
Massive Attack - Angel
https://t.co/emjtMO1EYP
RÃ¶yksopp &amp; Robyn - Monument
https://t.co/e8bWbiX4Ks"|[]|['https://youtu.be/viq6lA-vz4M', 'https://youtu.be/hbe3CQamF8k', 'https://youtu.be/6c-RbGZBnBI']
QuatreSoupirs|Quart de Soupir|@JPRhaiku ğŸ˜‚|[]|[]
QuatreSoupirs|Quart de Soupir|"@Livresplyriel @YouTube MÃªme gÃ©nÃ©ration, autre registre
Bryan Ferry &amp; Todd Terje - Johnny &amp; Mary
https://t.co/ZGGCC6MYNE"|[]|['https://youtu.be/Din_eWjJWe0']
QuatreSoupirs|Quart de Soupir|@PDansmabul Comme tous nos chers canidÃ©s, qu'ils soient Yorkshire berger ou autre descendent tous du loup....|[]|[]
QuatreSoupirs|Quart de Soupir|@Livresplyriel @YouTube â¤ï¸|[]|[]
QuatreSoupirs|Quart de Soupir|@zazafontaine42 ğŸ™ merci ğŸŒ¹|[]|[]
QuatreSoupirs|Quart de Soupir|"@zazafontaine42 Bonjour Isabella ğŸ¤— faut hisser le spi !
TrÃ¨s bonne journÃ©e ! âœï¸â˜€ï¸ğŸ˜˜"|[]|[]
QuatreSoupirs|Quart de Soupir|"Toute Ã  l'heure
J'ai saluÃ© la Lune
Le jour s'Ã©veille

Le soleil prend sa place
Bonne journÃ©e Ã  tous !  :)) ğŸ’

#Ombres #haiku #tanka https://t.co/jIQGts7msx"|['Ombres', 'haiku', 'tanka']|[]
QuatreSoupirs|Quart de Soupir|@catfan57200 @venise312 La RÃ©serve...|[]|[]
QuatreSoupirs|Quart de Soupir|@ClaireCapitaine Bonne journÃ©e ! â˜€ï¸|[]|[]
QuatreSoupirs|Quart de Soupir|"@parfumsdefemme Cela me rappelle une chanson...ğŸ¶ğŸ‘
TrÃ¨s beau, bonne journÃ©e ! â˜€ï¸"|[]|[]
Nuittoile3|Nuit Ã‰toilÃ©e|@Needsomedreams Tes dessins sont emplis de tendresse et de la douceur de l'enfance.|[]|[]
Nuittoile3|Nuit Ã‰toilÃ©e|"Les arbres nous passaient le bonjour.
#6mots https://t.co/L7Og46yI26"|['6mots']|[]
Nuittoile3|Nuit Ã‰toilÃ©e|@Needsomedreams Excellent! Et oui c'est Ã  craindre.|[]|[]
Nuittoile3|Nuit Ã‰toilÃ©e|"sur le froid chemin 
nos regards de colibris
se sont saluÃ©s

#haiku"|['haiku']|[]
Nuittoile3|Nuit Ã‰toilÃ©e|C'est donc eux le fameux comitÃ© scientifique... https://t.co/Mv0OY4NyMi|[]|['https://twitter.com/LCI/status/1347182901776019457']
Nuittoile3|Nuit Ã‰toilÃ©e|"l'envol des corbeaux
tisse sa dentelle noire
sur le fond gris du ciel

#haiku"|['haiku']|[]
Nuittoile3|Nuit Ã‰toilÃ©e|"le froid a chassÃ©
les piÃ©tons vers la saison
de leur solitude

#haiku"|['haiku']|[]
Nuittoile3|Nuit Ã‰toilÃ©e|@IArthurPym A ce qu'il paraÃ®t, personne ne le sent venir.|[]|[]
Nuittoile3|Nuit Ã‰toilÃ©e|@gwenenuts ğŸ˜‰|[]|[]
Nuittoile3|Nuit Ã‰toilÃ©e|@gwenenuts Meilleurs voeux Ã  toi aussi, Gwen.|[]|[]
Nuittoile3|Nuit Ã‰toilÃ©e|@CommuneCulture Non.|[]|[]
Nuittoile3|Nuit Ã‰toilÃ©e|"@HugoLeMaltais L'eutrophisation de ces mÃ©moires qui s'Ã©mousseront. 
#6mots"|['6mots']|[]
Nuittoile3|Nuit Ã‰toilÃ©e|Sur les chemins... https://t.co/JCSzIV5s5o|[]|[]
Nuittoile3|Nuit Ã‰toilÃ©e|"Mes rÃªves partis vers d'autres horizons.
#6mots"|['6mots']|[]
Nuittoile3|Nuit Ã‰toilÃ©e|"L'Ã¢ne est passÃ© avec ses rÃ©solutions. 
#6mots"|['6mots']|[]
Nuittoile3|Nuit Ã‰toilÃ©e|@meth_zo @laudemarsss De rien ğŸ˜‰|[]|[]
Nuittoile3|Nuit Ã‰toilÃ©e|@Clia8881 Douce soirÃ©e Ã  toi, CÃ©lia ğŸ˜˜|[]|[]
Nuittoile3|Nuit Ã‰toilÃ©e|"@meth_zo @laudemarsss Wouw! Jamais Ã©prouvÃ© ce genre d'Ã©motions mais tu arrives Ã  m'en faire imaginer la puissance. 

Tu Ã©cris peu ici mais Ã  chaque fois te lire est un grand plaisir. 
Belle soirÃ©e. ğŸ˜‰"|[]|[]
Nuittoile3|Nuit Ã‰toilÃ©e|@HugoLeMaltais Merci Hugo pour cette agrÃ©able dÃ©couverte.|[]|[]
Nuittoile3|Nuit Ã‰toilÃ©e|"@HugoLeMaltais Voyage au bout de nos dÃ©routes.
#6mots"|['6mots']|[]
Nuittoile3|Nuit Ã‰toilÃ©e|@HugoLeMaltais Comme l'air de rien tout simplement|[]|[]
Nuittoile3|Nuit Ã‰toilÃ©e|"@HugoLeMaltais Mes mots sont gratuits comme l'air.
#6mots"|['6mots']|[]
Nuittoile3|Nuit Ã‰toilÃ©e|"@HugoLeMaltais Les mots solitaires sont sans liaison.
#6mots"|['6mots']|[]
Nuittoile3|Nuit Ã‰toilÃ©e|"@HugoLeMaltais Ma poÃ©sie n'est qu'un sombre l'heure..
#6mots"|['6mots']|[]
Nuittoile3|Nuit Ã‰toilÃ©e|"@JamaisTresLoin2 @7IM37 #UnTwittoDansUnTitre 

ğŸ¼ğŸ¶ğŸµ Envie de rien besoin de toi 
Comme @JamaisTresLoin2 personne 
Tu vois le jour
C'est Ã  l'amour qu'il ressemble ğŸµğŸ¶

DÃ©solÃ©e ğŸ˜…"|['UnTwittoDansUnTitre']|[]
Nuittoile3|Nuit Ã‰toilÃ©e|"@HugoLeMaltais J'Ã©coute le chant de la fÃ©raille
Des beaux cercueils Ã  roulettes russes 
#6mots x 2

C'est divertissant"|['6mots']|[]
Nuittoile3|Nuit Ã‰toilÃ©e|"@BibliObs @marieguichoux ...depuis ma tour d'ivoire..."""|[]|[]
Nuittoile3|Nuit Ã‰toilÃ©e|"@mrs_saeki @HugoLeMaltais L'absence s'est invitÃ©e dans ma mÃ©moire. 
#6mots"|['6mots']|[]
Nuittoile3|Nuit Ã‰toilÃ©e|"@mrs_saeki @HugoLeMaltais Tracer des croix sur deux mains.
#6mots"|['6mots']|[]
Nuittoile3|Nuit Ã‰toilÃ©e|"@mrs_saeki @HugoLeMaltais Mes espoirs virevoltent dans le ciel,
tels des mouchoirs pleins de regrets. 
#6mots x 2"|['6mots']|[]
Nuittoile3|Nuit Ã‰toilÃ©e|"@HugoLeMaltais @mrs_saeki J'attends la fin de ma personne. 
#6mots"|['6mots']|[]
Nuittoile3|Nuit Ã‰toilÃ©e|"""J'adore les livres... Dans 20-30 ans, y en aura plus.""

#ParleCommeJeanClaudeVanDamme"|['ParleCommeJeanClaudeVanDamme']|[]
Nuittoile3|Nuit Ã‰toilÃ©e|"Il Ã©tait une fois un confinement puis deux, puis trois, puis...
Ils vÃ©curent ainsi jusqu'Ã  l'obscurantisme des temps."|[]|[]
Nuittoile3|Nuit Ã‰toilÃ©e|"@Needsomedreams Merci de partager tes crÃ©ations. 
Tu me donnes envie de repeindre."|[]|[]
Nuittoile3|Nuit Ã‰toilÃ©e|"@mrs_saeki Arc-en-ciel des Bisounours sur le monde ğŸ˜

#6mots https://t.co/3sgPz1thsJ"|['6mots']|[]
Nuittoile3|Nuit Ã‰toilÃ©e|"@mrs_saeki Personne n'a encore vaincu la mort.
#6mots"|['6mots']|[]
Nuittoile3|Nuit Ã‰toilÃ©e|"@mrs_saeki Les numÃ©ros gagnants sont si rares.
#6mots"|['6mots']|[]
Nuittoile3|Nuit Ã‰toilÃ©e|"@mrs_saeki L'important... C'est participer Ã  la vie.
#6mots"|['6mots']|[]
Nuittoile3|Nuit Ã‰toilÃ©e|@o_exacoustos @mrs_saeki #6mots|['6mots']|[]
Nuittoile3|Nuit Ã‰toilÃ©e|@CcPignat Ce fÃ»t un plaisir de lire leur avis.|[]|[]
Nuittoile3|Nuit Ã‰toilÃ©e|@mrs_saeki Hahahahaha excellent ğŸ˜‚|[]|[]
Nuittoile3|Nuit Ã‰toilÃ©e|"@HugoLeMaltais @IArthurPym Apprends Ã  nager entre les lignes.
#6mots"|['6mots']|[]
Nuittoile3|Nuit Ã‰toilÃ©e|"@HugoLeMaltais Le silence de la nuit m'inspire. 
#6mots"|['6mots']|[]
Nuittoile3|Nuit Ã‰toilÃ©e|"@Stella35500 Je leur croquais toujours la tÃªte en premier. 

Ã‡a me rappelle que j'aimais bien manger ces trucs dans les 80's. https://t.co/9m02cD2UGv"|[]|[]
Nuittoile3|Nuit Ã‰toilÃ©e|@Stella35500 Je regarde tes photos avec beaucoup de plaisir ğŸ˜ et gourmandise pour celles-ci.ğŸ«ğŸ°ğŸ¥§|[]|[]
Nuittoile3|Nuit Ã‰toilÃ©e|@Stella35500 Excellent!|[]|[]
Nuittoile3|Nuit Ã‰toilÃ©e|@IArthurPym D'une frappante rÃ©alitÃ©...|[]|[]
Nuittoile3|Nuit Ã‰toilÃ©e|"@mrs_saeki @IArthurPym Ils s'aimÃ¨rent la mort dans l'Ã¢me. 
#6mots"|['6mots']|[]
Nuittoile3|Nuit Ã‰toilÃ©e|"@HugoLeMaltais Mes rÃªves m'offrent un terrain d'Ã©vasion.
#6mots"|['6mots']|[]
Nuittoile3|Nuit Ã‰toilÃ©e|"@RemynouLeChat @HugoLeMaltais L'iceberg ivre flotte dans nos vers. 
#6mots"|['6mots']|[]
Nuittoile3|Nuit Ã‰toilÃ©e|@RemynouLeChat Parce qu'on va tous finir par sombrer ?|[]|[]
Nuittoile3|Nuit Ã‰toilÃ©e|"@mrs_saeki @IArthurPym Les amours Ã©ternels remplissent les cimetiÃ¨res.
#6mots"|['6mots']|[]
Nuittoile3|Nuit Ã‰toilÃ©e|"@mrs_saeki Mes histoires se consument en autodafÃ©. 
#6mots"|['6mots']|[]
Nuittoile3|Nuit Ã‰toilÃ©e|"@mrs_saeki @IArthurPym Et l'amour mourut Ã  la fin.
#6mots"|['6mots']|[]
Nuittoile3|Nuit Ã‰toilÃ©e|"@mrs_saeki Les pages se dÃ©tournent vers l'indiffÃ©rence.
#6mots"|['6mots']|[]
Nuittoile3|Nuit Ã‰toilÃ©e|"@mrs_saeki Le roman d'une personne sans histoire.
#6mots"|['6mots']|[]
Nuittoile3|Nuit Ã‰toilÃ©e|"Je suis l'histoire de mon livre.
#6mots https://t.co/zbkgAdu3bQ"|['6mots']|['https://twitter.com/mrs_saeki/status/1343615014398263297']
Nuittoile3|Nuit Ã‰toilÃ©e|"@HugoLeMaltais Suis tes aspirations et ta dÃ©termination.
#6mots"|['6mots']|[]
Nuittoile3|Nuit Ã‰toilÃ©e|"@HugoLeMaltais Dans chaque dÃ©sert, une oasis cachÃ©e.
#6mots"|['6mots']|[]
Nuittoile3|Nuit Ã‰toilÃ©e|"@HugoLeMaltais Le naufrage d'une vie vers d'autres. 
#6mots"|['6mots']|[]
Nuittoile3|Nuit Ã‰toilÃ©e|@JosetteJosett14 Garde la frite, Bintje!|[]|[]
Nuittoile3|Nuit Ã‰toilÃ©e|@BorisBastide @deambuleuse Nostalgie du Viet Nam...|[]|[]
Nuittoile3|Nuit Ã‰toilÃ©e|"@HugoLeMaltais En touchant le fond, l'espoir rebondit.
#6mots"|['6mots']|[]
Nuittoile3|Nuit Ã‰toilÃ©e|"@HugoLeMaltais Les Ã©toiles sont d'anciens mirages lointains. 
#6mots"|['6mots']|[]
Nuittoile3|Nuit Ã‰toilÃ©e|"@HugoLeMaltais Je n'existe que dans ma rÃ©alitÃ©. 
#6mots"|['6mots']|[]
Nuittoile3|Nuit Ã‰toilÃ©e|"@HugoLeMaltais Retrouve le cap de tes espÃ©rances. 
#6mots"|['6mots']|[]
Nuittoile3|Nuit Ã‰toilÃ©e|"@HugoLeMaltais Tu es une sous-estimation de toi-mÃ©me. 
#6mots"|['6mots']|[]
Nuittoile3|Nuit Ã‰toilÃ©e|"@HugoLeMaltais Nous connaissons dÃ©jÃ  les rÃ©ponses attendues.
#6mots"|['6mots']|[]
Nuittoile3|Nuit Ã‰toilÃ©e|"@HugoLeMaltais Une pensÃ©e patiente entre deux verbiages.
#6mots"|['6mots']|[]
Nuittoile3|Nuit Ã‰toilÃ©e|"@HugoLeMaltais La routine encrasse tous nos rouages.
#6mots"|['6mots']|[]
Nuittoile3|Nuit Ã‰toilÃ©e|"@HugoLeMaltais Je communique prÃ©fÃ©rentiellement par des non-dits.
#6mots"|['6mots']|[]
Nuittoile3|Nuit Ã‰toilÃ©e|"@HugoLeMaltais Terrassant nos vulgaires carcasses de poussiÃ¨res.
#6mots"|['6mots']|[]
Nuittoile3|Nuit Ã‰toilÃ©e|"@mrs_saeki L'absurde donne sens Ã  nos vies.
#6mots"|['6mots']|[]
Nuittoile3|Nuit Ã‰toilÃ©e|"@HugoLeMaltais Les cieux nous poustillonnent au visage.
#6mots"|['6mots']|[]
Nuittoile3|Nuit Ã‰toilÃ©e|"@HugoLeMaltais L'acte manquÃ© d'une scÃ¨ne de vie.
#6mots"|['6mots']|[]
Nuittoile3|Nuit Ã‰toilÃ©e|"@HugoLeMaltais nous sommes une finalitÃ© du vide.
#6mots"|['6mots']|[]
Nuittoile3|Nuit Ã‰toilÃ©e|"@Metoo_64 Juste pour toi.
Joyeux NoÃ«l. https://t.co/0UNML8NXlT"|[]|[]
Nuittoile3|Nuit Ã‰toilÃ©e|@GTopazzi Un prÃ©sent trÃ¨s raffinÃ©.|[]|[]
Nuittoile3|Nuit Ã‰toilÃ©e|@Mick40ans J'aime vivre dangereusement...ğŸ˜…|[]|[]
Nuittoile3|Nuit Ã‰toilÃ©e|"@HugoLeMaltais Tu es l'achÃ¨vement de tes souhaits.
#6mots"|['6mots']|[]
Nuittoile3|Nuit Ã‰toilÃ©e|"La confiance en soi:

C'est rouler derriÃ¨re une voiture de police Ã  19h58... 

#Couvre-feu"|['Couvre']|[]
Nuittoile3|Nuit Ã‰toilÃ©e|"Autant en emportent les vents 

#ParfumeUnFilm"|['ParfumeUnFilm']|[]
Nuittoile3|Nuit Ã‰toilÃ©e|@laudemarsss Beau comme une ombre chinoise.|[]|[]
Nuittoile3|Nuit Ã‰toilÃ©e|"@HugoLeMaltais Observer passivement l'agonie des dÃ©sirs morbides.
#6mots"|['6mots']|[]
Nuittoile3|Nuit Ã‰toilÃ©e|"@HugoLeMaltais Passer de clown triste Ã  dresseur.
Le cirque sadomasochiste de la vie. 

#6mots x 2"|['6mots']|[]
Nuittoile3|Nuit Ã‰toilÃ©e|"@HugoLeMaltais Apprivoiser l'animal enragÃ©, dans son crÃ¢ne.
#6mots"|['6mots']|[]
Nuittoile3|Nuit Ã‰toilÃ©e|"@CHTIMIDE1 Le thÃ©Ã¢tre me manque beaucoup. J'y ai dÃ©couvert des auteurs comme Brecht, MÃ¼ller, Becket et d'autres moins cÃ©lÃ¨bres mais Ã©veillant les consciences.
J'Ã©tais dÃ©jÃ  dÃ©Ã§ue par le changement des programmations de celui oÃ¹ j'allais, obligÃ© de s'adapter au goÃ»t du marchÃ© pour survivre.."|[]|[]
Nuittoile3|Nuit Ã‰toilÃ©e|"@HugoLeMaltais L'instant prÃ©sent coule dans nos veines.
#6mots"|['6mots']|[]
Nuittoile3|Nuit Ã‰toilÃ©e|"@HugoLeMaltais Sous la coupe de la nature. 
#6mots"|['6mots']|[]
Nuittoile3|Nuit Ã‰toilÃ©e|https://t.co/CWL5vBVSAj|[]|[]
Nuittoile3|Nuit Ã‰toilÃ©e|"un verre bombÃ©
la ville est sous l'arc-en-ciel
jolie boule Ã  neige 

#haiku"|['haiku']|[]
Nuittoile3|Nuit Ã‰toilÃ©e|"@HugoLeMaltais @mrs_saeki Suis les suivants comme ton ombre.
#6mots 

Allez off pour ce soir. Joyeux NoÃ«l Ã  vous deux ğŸ˜˜"|['6mots']|[]
Nuittoile3|Nuit Ã‰toilÃ©e|"@HugoLeMaltais @mrs_saeki Combien acquiÃ¨rent les connaissances du coeur?
#6mots"|['6mots']|[]
Nuittoile3|Nuit Ã‰toilÃ©e|"-""Maman? Pourquoi c'est toi qui a achetÃ© le cadeau de NoÃ«l de mon grand frÃ¨re? 
-Parce queeeeuh euh... Quand les enfants ne croient plus au pÃ¨re NoÃ«l ce sont le parent qui choisit les cadeaux. 
(Salto avant) 

Oui, je lui mens mais c'est tellement mignon la magie dans ses yeux."|[]|[]
Nuittoile3|Nuit Ã‰toilÃ©e|@meth_zo Joyeux NoÃ«l Ã  toi Ã©galement ğŸ˜˜|[]|[]
Nuittoile3|Nuit Ã‰toilÃ©e|@raj65025523 Thank you and Merry Christmas Raj ğŸ˜˜|[]|[]
Nuittoile3|Nuit Ã‰toilÃ©e|@hymne_mortel @Natoosoleil Je pensais que c'Ã©tait. De MylÃ¨ne Farmer...|[]|[]
Nuittoile3|Nuit Ã‰toilÃ©e|"@HugoLeMaltais @mrs_saeki Des savoirs tus valent de l'or. 
#6mots"|['6mots']|[]
Nuittoile3|Nuit Ã‰toilÃ©e|@mtn_carnet @DenisMorinMots GÃ©nial!|[]|[]
Nuittoile3|Nuit Ã‰toilÃ©e|"Hashtag Vivement que NoÃ«l passe:

-""Maman? Comment il entre le pÃ¨re NoÃ«l?
[...]
- Maman? Et si on mettait le sapin dans ma chambre?
[...]
- Maman? Il fait comment pour aller chez tout le monde en mÃªme temps?

- GrÃ¢ce Ã  de la poudre magique (la cocaÃ¯ne sÃ»rement) et une aspirine."""|[]|[]
Nuittoile3|Nuit Ã‰toilÃ©e|"@mrs_saeki @HugoLeMaltais Et bien! C'est dÃ©jÃ  pas mal.
#6mots 

#L'Ã‰thiquePourLesNuls"|['6mots', 'L']|[]
Nuittoile3|Nuit Ã‰toilÃ©e|"@mrs_saeki @HugoLeMaltais Le monde sait tout de rien. 
#6mots"|['6mots']|[]
Nuittoile3|Nuit Ã‰toilÃ©e|"@mrs_saeki @HugoLeMaltais L'Ã©thique agonise quelque part en eux.
#6mots"|['6mots']|[]
Nuittoile3|Nuit Ã‰toilÃ©e|"@mrs_saeki @HugoLeMaltais L'Ã©thique quÃªte, sa valeur soldÃ©e d'Ã©checs.
#6mots"|['6mots']|[]
Nuittoile3|Nuit Ã‰toilÃ©e|"@mrs_saeki @HugoLeMaltais Le poids des maux du coeur.
#6mots"|['6mots']|[]
Nuittoile3|Nuit Ã‰toilÃ©e|"@mrs_saeki J'ai la joie de vivre solitaire.
#6mots"|['6mots']|[]
Nuittoile3|Nuit Ã‰toilÃ©e|"@mrs_saeki J'ai postÃ© des lettres sans adresse.
#6mots"|['6mots']|[]
Nuittoile3|Nuit Ã‰toilÃ©e|"j'entends ses soupirs
les ans ont tout balayÃ©
la pluie des regrets  

#haiku"|['haiku']|[]
Nuittoile3|Nuit Ã‰toilÃ©e|"Je te dÃ©dicace tous mes silences.
#6mots"|['6mots']|[]
Nuittoile3|Nuit Ã‰toilÃ©e|@PolymniaM Bon concert Ã  vous. ğŸ˜‰|[]|[]
Nuittoile3|Nuit Ã‰toilÃ©e|"@PolymniaM De mÃ©moire il faut prendre le MÃ©tro de la gare lille Flandres Ã  l'arrÃªt HÃ´tel de ville, soit 15 minutes de trajet, puis une petite marche de 500 m...
Sinon oui il y a des hÃ´tels autour."|[]|[]
Nuittoile3|Nuit Ã‰toilÃ©e|@NiniSuerte Hahahaha j'ai mis un lapse de temps avant de comprendre la scene.|[]|[]
Nuittoile3|Nuit Ã‰toilÃ©e|@mrs_saeki @mdiplo Je veux la suite ... ğŸ˜‚|[]|[]
Nuittoile3|Nuit Ã‰toilÃ©e|"@mrs_saeki @DufainA Avec la mÃ©lancolie chevillÃ©e au corps. 
#6mots"|['6mots']|[]
Nuittoile3|Nuit Ã‰toilÃ©e|"@DufainA @mrs_saeki Restons libres de panser la rÃ©flexion.
#6mots"|['6mots']|[]
Nuittoile3|Nuit Ã‰toilÃ©e|"@mrs_saeki @DufainA Au 1er degrÃ©, le dernier Ã©chelon.
#6mots"|['6mots']|[]
Nuittoile3|Nuit Ã‰toilÃ©e|"@mrs_saeki @DufainA Leurs rires forcÃ©s sentent le sapin.
#6mots"|['6mots']|[]
Nuittoile3|Nuit Ã‰toilÃ©e|"@mrs_saeki @DufainA Mon bonheur est mis Ã  demeure. 
#6mots"|['6mots']|[]
Nuittoile3|Nuit Ã‰toilÃ©e|"Des ombres passent dans mes pensÃ©es.
#6mots"|['6mots']|[]
Nuittoile3|Nuit Ã‰toilÃ©e|"@HugoLeMaltais @mrs_saeki AccoutumÃ©e Ã  cette musique du coeur.
#6mots"|['6mots']|[]
Nuittoile3|Nuit Ã‰toilÃ©e|"@Lhundroup Je vais ranger toutes mes Ã©toiles.
#6mots"|['6mots']|[]
Nuittoile3|Nuit Ã‰toilÃ©e|@BAF91100 @bloody1375 Lisez un article sur la rÃ©plication de l'ADN, vous comprendrez le lien entre les 2...|[]|[]
Nuittoile3|Nuit Ã‰toilÃ©e|"@mrs_saeki @HugoLeMaltais @7JOuQfJnWZvCclc @elsa1sc @system_totem Un pull en pelotes de nerfs.
#6mots"|['6mots']|[]
Nuittoile3|Nuit Ã‰toilÃ©e|@mrs_saeki Non mais les politiques de ce pays invitent le peuple Ã  s'injecter un produit inconnu, qui annulent le 31, ferment l'essentiel et c'est moi avec mon petit tweet qui suis sanctionnÃ©e d'incitation au suicide. Va comprendre ce monde... ğŸ˜…|[]|[]
Nuittoile3|Nuit Ã‰toilÃ©e|lol|[]|[]
Nuittoile3|Nuit Ã‰toilÃ©e|Adieu...|[]|[]
Nuittoile3|Nuit Ã‰toilÃ©e|VoilÃ , j'ai supprimÃ© le tweet en question car je suis trÃ¨s obÃ©issante. https://t.co/XtLVgv8I7Q|[]|[]
Nuittoile3|Nuit Ã‰toilÃ©e|"@HugoLeMaltais @7JOuQfJnWZvCclc @mrs_saeki @elsa1sc @system_totem Je fais de l'ennui, mon ami. 
#6mots"|['6mots']|[]
Nuittoile3|Nuit Ã‰toilÃ©e|@AlbinMichel Une annÃ©e parmi d'autres depuis ma naissance.|[]|[]
Nuittoile3|Nuit Ã‰toilÃ©e|"Bannie 12h pour un tweet soi-disant incitant au suicide. 
Cher Twitter, 
Sache qu'aux derniÃ¨res nouvelles l'ironie, le sarcasme, l'humour noir, ou le cynisme est un procÃ©dÃ© stylistique de la langue franÃ§aise. 
Luttez plutÃ´t contre la haine qui s'Ã©panouit grassement ici..."|[]|[]
Nuittoile3|Nuit Ã‰toilÃ©e|"@_mrs_saeki_ La fatigue m'Ã©treint plus que tout.
#6mots"|['6mots']|[]
Nuittoile3|Nuit Ã‰toilÃ©e|"@_mrs_saeki_ J'ai un cactus dans le coeur.
#6mots"|['6mots']|[]
Nuittoile3|Nuit Ã‰toilÃ©e|"mes Ã©crits mort-nÃ©s
dans mon esprit embrumÃ©
sont bien enterrÃ©s

#haiku"|['haiku']|[]
Nuittoile3|Nuit Ã‰toilÃ©e|"@HugoLeMaltais @_mrs_saeki_ @system_totem J'ai vu d'autres vivre mon enfance. 
#6mots"|['6mots']|[]
Nuittoile3|Nuit Ã‰toilÃ©e|"@josetoujours J'Ã©tais allÃ©e voir le film ""Toilets"" au cinÃ©. 
Quand d'autres postent des photos d'amÃ©nagement de leur cabinet relookÃ© en salon de thÃ© de luxe sur instagram, d'autres se contenteraient bien d'une simple latrine pour Ã©viter des agressions."|[]|[]
Nuittoile3|Nuit Ã‰toilÃ©e|@Metoo_64 @zen224 C'est du bon sens. C'est pour Ã§a. ğŸ˜|[]|[]
Nuittoile3|Nuit Ã‰toilÃ©e|"@_mrs_saeki_ Je vis rÃ©ellement quand je dors. 
#6mots"|['6mots']|[]
Nuittoile3|Nuit Ã‰toilÃ©e|"@_mrs_saeki_ Mes pensÃ©es accompagnent celles des autres.
#6mots"|['6mots']|[]
Nuittoile3|Nuit Ã‰toilÃ©e|"@_mrs_saeki_ Seuls les Ã©goÃ¯stes se satisfont d'eux-mÃªmes.
#6mots"|['6mots']|[]
Nuittoile3|Nuit Ã‰toilÃ©e|"@HugoLeMaltais @_mrs_saeki_ @system_totem Sors les rames et ton courage!
#6mots"|['6mots']|[]
Nuittoile3|Nuit Ã‰toilÃ©e|"@_mrs_saeki_ @HugoLeMaltais @system_totem Le ressac des coeurs qui dÃ©battent.
#6mots"|['6mots']|[]
Nuittoile3|Nuit Ã‰toilÃ©e|"@HugoLeMaltais @_mrs_saeki_ @system_totem Voguer sur les flots de l'amertume.
#6mots"|['6mots']|[]
Nuittoile3|Nuit Ã‰toilÃ©e|@_mrs_saeki_ @system_totem @HugoLeMaltais Un match serrÃ© mais fair-play ğŸ˜˜|[]|[]
Nuittoile3|Nuit Ã‰toilÃ©e|"@_mrs_saeki_ Une fois, j'ai vu mon Ã¢me. 
#6mots"|['6mots']|[]
Nuittoile3|Nuit Ã‰toilÃ©e|"@_mrs_saeki_ @HugoLeMaltais MÃªme la haine finit par s'Ã©puiser.
#6mots"|['6mots']|[]
Nuittoile3|Nuit Ã‰toilÃ©e|"@_mrs_saeki_ Mes parents ont avortÃ© ma vie.
#6mots"|['6mots']|[]
Nuittoile3|Nuit Ã‰toilÃ©e|"@_mrs_saeki_ Je suis l'image de mes dÃ©sillusions. 
#6mots"|['6mots']|[]
Nuittoile3|Nuit Ã‰toilÃ©e|"@_mrs_saeki_ @HugoLeMaltais L'incomprÃ©hension est l'essence de vie. 
#6mots"|['6mots']|[]
Nuittoile3|Nuit Ã‰toilÃ©e|"@_mrs_saeki_ Quel est celui qui rÃ©flÃ©chit l'autre?
#6mots"|['6mots']|[]
Nuittoile3|Nuit Ã‰toilÃ©e|"@_mrs_saeki_ @HugoLeMaltais Les prix Nobel du bavardage dÃ©filent.
#6mots"|['6mots']|[]
Nuittoile3|Nuit Ã‰toilÃ©e|"@_mrs_saeki_ Suis-je vraiment celle qui s'Ã©crit aujourd'hui?
#6mots"|['6mots']|[]
Nuittoile3|Nuit Ã‰toilÃ©e|"@_mrs_saeki_ @HugoLeMaltais La rÃ©flexion est riche de l'inexpÃ©rience.
#6mots"|['6mots']|[]
Nuittoile3|Nuit Ã‰toilÃ©e|"@_mrs_saeki_ Je vis oÃ¹ c'Ã©tait mieux avant.
#6mots"|['6mots']|[]
Nuittoile3|Nuit Ã‰toilÃ©e|"@_mrs_saeki_ @HugoLeMaltais C'est la dÃ©solation qui se consolide.
#6mots"|['6mots']|[]
Nuittoile3|Nuit Ã‰toilÃ©e|"@_mrs_saeki_ Bienheureux les absents de ce monde.
#6mots"|['6mots']|[]
Nuittoile3|Nuit Ã‰toilÃ©e|"@_mrs_saeki_ @HugoLeMaltais Nous nous confondons en excuses absurdes.
#6mots"|['6mots']|[]
Nuittoile3|Nuit Ã‰toilÃ©e|"@_mrs_saeki_ Ignorons ce monde qui nous renie.
#6mots"|['6mots']|[]
Nuittoile3|Nuit Ã‰toilÃ©e|"@_mrs_saeki_ @HugoLeMaltais La Terre tourne dans le vide. 
#6mots"|['6mots']|[]
Nuittoile3|Nuit Ã‰toilÃ©e|"@_mrs_saeki_ @HugoLeMaltais Les jours se reproduisent Ã  l'identique.
#6mots"|['6mots']|[]
Nuittoile3|Nuit Ã‰toilÃ©e|"@_mrs_saeki_ @HugoLeMaltais Le compte Ã  rebours de l'Ã©phÃ©mÃ©ride. 
#6mots"|['6mots']|[]
Nuittoile3|Nuit Ã‰toilÃ©e|"@_mrs_saeki_ Voir au-delÃ  de nos sens.
#6mots"|['6mots']|[]
Nuittoile3|Nuit Ã‰toilÃ©e|"@HugoLeMaltais Ma nuit s'habille de myriades d'Ã©toiles.
#6mots"|['6mots']|[]
Nuittoile3|Nuit Ã‰toilÃ©e|"@_mrs_saeki_ Tout s'oublie en un clin d'oeil.
#6mots"|['6mots']|[]
Nuittoile3|Nuit Ã‰toilÃ©e|"@_mrs_saeki_ Lire tes mÃ©moires dans ton regard.
#6mots"|['6mots']|[]
Nuittoile3|Nuit Ã‰toilÃ©e|@ericallard4 Dans le genre lÃ©ger, le livre est Ã  effeuiller.|[]|[]
Nuittoile3|Nuit Ã‰toilÃ©e|"@_mrs_saeki_ Le marchand de sable est mort. 
#6mots"|['6mots']|[]
Nuittoile3|Nuit Ã‰toilÃ©e|"@_mrs_saeki_ Dans mon sommeil, j'ai beaucoup voyagÃ©.
#6mots"|['6mots']|[]
Nuittoile3|Nuit Ã‰toilÃ©e|@_n0name_____ @GDeleur En gros, on n'est pas lÃ  pour enfiler des perles.|[]|[]
Nuittoile3|Nuit Ã‰toilÃ©e|"@_mrs_saeki_ @HugoLeMaltais Choisir c'est renoncer d'Ãªtre le tout.
Je prÃ©fÃ¨re cette inconnue de moi-mÃªme.
2 x #6mots"|['6mots']|[]
Nuittoile3|Nuit Ã‰toilÃ©e|"@_mrs_saeki_ @HugoLeMaltais J'attends dans le couloir de l'amer.
#6mots"|['6mots']|[]
Nuittoile3|Nuit Ã‰toilÃ©e|"@_mrs_saeki_ @HugoLeMaltais ÃŠtre les clefs de nos geÃ´les.
#6mots"|['6mots']|[]
Nuittoile3|Nuit Ã‰toilÃ©e|"@HugoLeMaltais @_mrs_saeki_ Devenir le prisonnier de ses refuges.
#6mots"|['6mots']|[]
Nuittoile3|Nuit Ã‰toilÃ©e|"@HugoLeMaltais @_mrs_saeki_ RÃ©visons les gammes de nos harmonies.
#6mots"|['6mots']|[]
Nuittoile3|Nuit Ã‰toilÃ©e|"@SHMfrZBg00lPcia ""Vous avez les montres. Nous avons le temps."" 
Proverbe touareg"|[]|[]
Nuittoile3|Nuit Ã‰toilÃ©e|@CcPignat Probablement...|[]|[]
Nuittoile3|Nuit Ã‰toilÃ©e|@meth_zo A toi Ã©galement ğŸ˜‰|[]|[]
Nuittoile3|Nuit Ã‰toilÃ©e|"@HugoLeMaltais @_mrs_saeki_ Le courant du bonheur est alternatif.
#6mots"|['6mots']|[]
Nuittoile3|Nuit Ã‰toilÃ©e|"@_mrs_saeki_ La vie souffle son haleine fÃ©tide.
#6mots"|['6mots']|[]
Nuittoile3|Nuit Ã‰toilÃ©e|"@_mrs_saeki_ Tout est relatif Ã  une chaÃ®ne.
#6mots"|['6mots']|[]
Nuittoile3|Nuit Ã‰toilÃ©e|"@_mrs_saeki_ C'est le marathon vital vers l'inutile.
#6mots"|['6mots']|[]
Nuittoile3|Nuit Ã‰toilÃ©e|"@_mrs_saeki_ La vie court aprÃ¨s la mort.
#6mots"|['6mots']|[]
Nuittoile3|Nuit Ã‰toilÃ©e|"La vie, ce produit de consumation... 
#6mots"|['6mots']|[]
Nuittoile3|Nuit Ã‰toilÃ©e|"@_mrs_saeki_ Choisir sa vie dans un catalogue. 
#6mots"|['6mots']|[]
Nuittoile3|Nuit Ã‰toilÃ©e|"@_mrs_saeki_ Je vis des vies par procuration. 
#6mots"|['6mots']|[]
Nuittoile3|Nuit Ã‰toilÃ©e|"@_mrs_saeki_ Nous prÃ©voyons de ne rien voir.
#6mots"|['6mots']|[]
Nuittoile3|Nuit Ã‰toilÃ©e|"@_mrs_saeki_ J'aime m'anticiper des temps de retraite.

#6mots d'une rÃªveuse"|['6mots']|[]
Nuittoile3|Nuit Ã‰toilÃ©e|@_mrs_saeki_ L'ennui est une source intarissable d'ennui.|[]|[]
Nuittoile3|Nuit Ã‰toilÃ©e|"@_mrs_saeki_ Si j'aurais su, j'aurais pas lu.
#6mots"|['6mots']|[]
Nuittoile3|Nuit Ã‰toilÃ©e|"Si je travaillais dans la culture,
je ferais pousser des idÃ©es saugrenues.

2x 6mots"|[]|[]
Nuittoile3|Nuit Ã‰toilÃ©e|"@_mrs_saeki_ *vue
Non, tu penses bien! Je ne veux pas aggraver mon cas. La bonne nouvelle est que la fonction publique entretient superficiellement nos locaux (le service technique fait de son mieux pas des miracles) qu'il y a peu de chance pour que l ehpad tienne d'ici que ce jour arrive."|[]|[]
Nuittoile3|Nuit Ã‰toilÃ©e|@meth_zo Je t'avouerais que j'ai un peu les chocottes...ğŸ˜…|[]|[]
Nuittoile3|Nuit Ã‰toilÃ©e|"@_mrs_saeki_ Avec les collÃ¨gues, on compte sur le rÃ©chauffement climatique pour avoir vu sur la mer...
Je vais rÃ©diger mes directives anticipÃ©es pour rÃ©server ma chambre au cas oÃ¹...
SecrÃ¨tement je souhaite faire partie des 95% (a verif de la population qui vieillit chez elle jusqu'au bout ğŸ˜…"|[]|[]
Nuittoile3|Nuit Ã‰toilÃ©e|"@_mrs_saeki_ Note Ã  moi-mÃªme:
- me rÃ©orienter vers un ehpad privÃ© oÃ¹ l'hÃ´tellerie masque les dÃ©fauts de prise en charge. Il devra participer financiÃ¨rement aux frais de placement ğŸ˜ˆ"|[]|[]
Nuittoile3|Nuit Ã‰toilÃ©e|"Hashtag Mots d'Ado:

A un moment de fÃ¢cherie, mon aÃ®nÃ© me tint Ã  peu prÃ¨s ce langage:

-""T'faÃ§on quand tu seras vieille, j'te placerai dans l'Ehpad oÃ¹ tu travailles!'

VoilÃ , je suis fixÃ©e sur mon sort."|[]|[]
Nuittoile3|Nuit Ã‰toilÃ©e|@belganitel Bonne soirÃ©e Arnaud ğŸ˜|[]|[]
Nuittoile3|Nuit Ã‰toilÃ©e|"@_mrs_saeki_ Les meilleurs moments restent Ã  vivre.
#6mots"|['6mots']|[]
Nuittoile3|Nuit Ã‰toilÃ©e|"@withnomoney @_mrs_saeki_ Un ciel poussait sur le sol. 
#6mots 

#Ouranos embrassant #Gaia"|['6mots', 'Ouranos', 'Gaia']|[]
Nuittoile3|Nuit Ã‰toilÃ©e|"@belganitel C'est ambiance ""mise en biÃ¨re"" pour l'instant...et pourtant l'alcool dÃ©sinfectait bien des gosiers par chez nous..."|[]|[]
Nuittoile3|Nuit Ã‰toilÃ©e|"@_mrs_saeki_ Les feuilles mortes de mon autobiographie. 

#6mots"|['6mots']|[]
