poems	lovethruquotes	2
poems	lovepoetry	2
poems	poetry	13
poems	love	4
poems	lovequotes	2
poems	poem	9
poems	poeme	13
poems	poesie	12
poems	lundifleuri	4
poems	nadineadra	4
poems	papillon	4
poems	micropoetry	9
poems	lovestory	9
poems	poetrycommunity	17
poems	writingcommunity	15
poems	amwriting	21
poems	antipoetry	5
poems	avantgarde	5
poems	bilingual	3
poems	dadaesque	4
poems	deconstruction	4
poems	echochambers	2
poems	indieauthors	2
poems	laresistance	2
poems	lexicon	3
poems	literary	5
poems	literature	13
poems	occupy	2
poems	poets	6
poems	psychology	2
poems	propagandalive	2
poems	socialmedia	2
poems	sociology	2
poems	writerslife	4
poems	wednesdaywisdom	4
poems	spainculture	1
poems	latinculture	1
poems	writingprompt	1
poems	art	8
poems	writing	8
poems	life	3
poems	poetrylovers	4
poems	witingprompt	1
poems	follow	3
poems	poetryblogs	3
poems	commencement	3
poems	onceuponatime	3
poems	vie	4
poems	etoiles	1
poems	poesia	1
poems	readingpoems	1
poems	blogger	1
poems	bloggerstribe	1
poems	dvdlr	1
poems	aufilduvent	1
poems	writingpoems	1
poems	freeverse	1
poems	thoughts	3
poems	wednesday	2
poems	poetrythatrhymes	2
poems	writer	3
poems	writerscommunity	3
poems	words	7
poems	artsandculture	2
poems	authorlife	2
poems	backtobasics	2
poems	bombastic	2
poems	classic	2
poems	eloquent	2
poems	goodreads	2
poems	howtoguide	2
poems	illumination	2
poems	instruction	2
poems	linguistic	2
poems	origins	2
poems	poetstwitter	2
poems	poetic	2
poems	prosody	2
poems	symbolism	2
poems	vocabulary	2
poems	wordy	2
poems	writingstyle	2
poems	scribaland	10
poems	artistes	3
poems	artists	9
poems	culture	6
poems	poemes	5
poems	auteurs	3
poems	authors	7
poems	livres	3
poems	books	7
poems	ecrire	3
poems	ecriture	3
poems	writings	8
poems	writers	7
poems	ecrivains	3
poems	novellists	2
poems	litterature	3
poems	literacy	8
poems	litteraire	3
poems	read	7
poems	lire	2
poems	beau	1
poems	bd	1
poems	novelists	1
poems	lecture	1
poems	lecteurs	1
poems	tuesdaythoughts	2
poems	stories	2
poems	seasons	2
poems	childrensbooks	2
poems	celebratetheseasons	2
poems	newrelease	2
poems	amazon	2
poems	kids	2
poems	veroferre	3
poems	reverie	3
poems	catchytune	1
poems	criticalthinking	1
poems	debating	1
poems	fakenews	1
poems	opiniononline	1
poems	lyrical	1
poems	political	1
poems	rhymes	3
poems	satire	1
poems	songwriting	1
poems	wordsmithy	1
poems	dadaist	1
poems	fineprint	1
poems	legalese	1
poems	linguistics	1
poems	meta	1
poems	pedantic	1
poems	prosaic	1
poems	prose	1
poems	verbose	1
poems	verbosity	1
poems	wordsmith	3
poems	lundimotivation	2
poems	reveries	1
poems	reconfinement	1
poems	travail	1
poems	amediting	14
poems	artsandletters	14
poems	authorslife	14
poems	bard	14
poems	classics	14
poems	indieauthor	2
poems	literatureposts	2
poems	prolific	2
poems	puttingonaclinic	2
poems	rhyming	2
poems	selfpub	2
poems	shakespeare	2
poems	writerscafe	2
poems	paroles	4
poems	palmares	5
poems	music	5
poems	audiobooks	5
poems	readers	4
poems	write	5
poems	prizes	2
poems	songs	4
poems	singers	3
poems	songwriters	3
poems	academy	3
poems	performers	3
poems	citation	1
poems	citationamour	1
poems	quotes	2
poems	tv	3
poems	literacyagency	2
poems	literacyagents	1
poems	library	1
poems	manuscript	1
poems	editors	1
poems	creativewriting	1
poems	booklovers	1
poems	ehpad	1
poems	poet	2
poems	lovepoems	1
poems	instapoetry	1
poems	sadpoetry	1
poems	salto	2
poems	live	1
poems	bloggers	3
poems	blogs	3
poems	web	2
poems	kindle	3
poems	ebooks	3
poems	poetrywriter	1
poems	amwritingromance	1
poems	reading	1
poems	prize	2
poems	vevo	1
poetrydayirl	philthepoete	15
poetrydayirl	poeme	9
poetrydayirl	slampoem	7
poetrydayirl	poetry	9
poetrydayirl	slampoesie	9
poetrydayirl	poet	8
poetrydayirl	poete	9
poetrydayirl	acrostiche	4
poetrydayirl	poetrycommunity	9
poetrydayirl	writer	6
poetrydayirl	poetrywriter	9
poetrydayirl	poetrylovers	9
poetrydayirl	poetryisnotdead	9
poetrydayirl	poetry_planet	9
poetrydayirl	slam	5
poetrydayirl	ecriture	2
poetrydayirl	sonnet	2
poetrydayirl	poesie	2
poetrydayirl	poesiefrancais	2
poetrydayirl	francophone	2
poetrydayirl	quebec	2
1mot1haiku	haykus	4
1mot1haiku	haikus	4
1mot1haiku	poesie	4
hangtenstories	surround	10
hangtenstories	micropoetry	10
hangtenstories	art	1
poetrywriter	philthepoete	16
poetrywriter	poeme	10
poetrywriter	slampoem	7
poetrywriter	poetry	11
poetrywriter	slampoesie	10
poetrywriter	poet	10
poetrywriter	poete	10
poetrywriter	acrostiche	4
poetrywriter	poetrycommunity	10
poetrywriter	writer	6
poetrywriter	poetrylovers	10
poetrywriter	poetrydayirl	9
poetrywriter	poetryisnotdead	9
poetrywriter	poetry_planet	10
poetrywriter	slam	5
poetrywriter	ecriture	3
poetrywriter	sonnet	3
poetrywriter	poesie	3
poetrywriter	poesiefrancais	3
poetrywriter	francophone	3
poetrywriter	quebec	3
poetrywriter	writerscommunity	1
poetrywriter	writingcommunity	1
poetrywriter	amwriting	1
poetrywriter	amwritingromance	1
twitterature	1mot1haiku	4
twitterature	haykus	4
twitterature	haikus	4
twitterature	poesie	17
twitterature	haiku	16
twitterature	micropoesie	5
twitterature	elections2020	1
twitterature	litterature	12
twitterature	sampoesie	3
twitterature	meteo	1
twitterature	automne	1
twitterature	zen	1
6mots	echo	5
6mots	confinement	2
6mots	confinementacte2	3
6mots	vendredilecture	1
6mots	holorime	1
1mot1haïku	haykus	4
1mot1haïku	haikus	4
1mot1haïku	poesie	4
poet	philthepoete	15
poet	poeme	9
poet	slampoem	7
poet	poetry	30
poet	slampoesie	9
poet	poete	9
poet	acrostiche	4
poet	poetrycommunity	10
poet	writer	7
poet	poetrywriter	10
poet	poetrylovers	10
poet	poetrydayirl	8
poet	poetryisnotdead	8
poet	poetry_planet	9
poet	slam	5
poet	lovethruquotes	2
poet	lovepoetry	2
poet	love	3
poet	lovequotes	2
poet	photography	14
poet	photographicart	11
poet	photo	11
poet	digitalart	11
poet	artist	13
poet	artgallery	11
poet	blackandwhite	7
poet	monochrome	7
poet	art	7
poet	artists	7
poet	gallery	7
poet	algerian	1
poet	tuesdaythoughts	2
poet	poems	3
poet	stories	2
poet	seasons	2
poet	childrensbooks	2
poet	celebratetheseasons	2
poet	newrelease	2
poet	amazon	2
poet	kids	2
poet	poem	6
poet	merci	6
poet	ecriture	2
poet	sonnet	2
poet	poesie	3
poet	poesiefrancais	2
poet	francophone	2
poet	quebec	2
poet	ecrire	1
poet	paf	1
poet	femme	1
poet	women	1
poet	queen	1
poet	lire	1
poet	atelier	1
poet	ecritude	1
poet	terragalice	1
poet	sarado	1
poet	conteuse	1
poet	poetess	1
poet	songwritter	1
poet	sarthe	1
poet	croyo	1
poet	j10	1
poet	allezcolomiers	1
poet	bleusfoncez	1
poet	puisi	3
poet	sajak	3
poet	syair	3
poet	rima	3
poet	kata	3
poet	aksara	3
poet	bahasa	3
poet	prosa	3
poet	fff	3
poet	lfl	3
poet	puisimalam	3
poet	karya	3
poet	quote	3
poet	quotes	4
poet	quotestagram	3
poet	quoteoftheday	3
poet	prose	3
poet	hati	3
poet	cinta	3
poet	puisicinta	3
poet	perempuan	3
poet	sastra	3
poet	sastraindonesia	3
poet	likeforlike	3
poet	like4like	3
poet	kamera	3
poet	haiku	1
poet	freehaiku	1
poet	lovepoems	1
poet	writing	1
poet	instapoetry	1
poet	sadpoetry	1
poet	writerscommunity	1
poet	writingcommunity	1
poet	amwriting	1
poet	amwritingromance	1
poet	ckeledebut	1
poet	pattismith	1
poet	punkrock	1
poet	pa	1
surrealisme	ski	1
surrealisme	covid_19	1
surrealisme	associationdidees	17
surrealisme	dada	17
surrealisme	oulipo	17
surrealisme	renemagritte	6
surrealisme	portrait	4
surrealisme	peintre	3
surrealisme	art	15
surrealisme	artiste	3
surrealisme	belge	3
surrealisme	belgique	3
surrealisme	nowreading	4
surrealisme	philosophie	1
surrealisme	instagram	4
surrealisme	masque	1
surrealisme	mask	1
surrealisme	africa	1
surrealisme	afrique	1
surrealisme	militaire	1
surrealisme	military	1
surrealisme	armee	1
surrealisme	pop	1
surrealisme	africanbeauty	1
surrealisme	africanart	1
surrealisme	popart	1
surrealisme	surrealism	3
surrealisme	torossatelier	1
surrealisme	torosscopin	1
surrealisme	nophotoshop	1
surrealisme	handmaid	1
surrealisme	bornonthisday	3
surrealisme	cejourla	3
surrealisme	magritte	5
surrealisme	lefilsdelhomme	3
surrealisme	thesonofman	3
surrealisme	peinture	2
surrealisme	bouchon	1
surrealisme	leboutchon	1
surrealisme	handmade	1
surrealisme	handcrafted	1
surrealisme	craft	1
surrealisme	craftwork	1
surrealisme	corkdesign	1
surrealisme	corkart	1
surrealisme	corkcraft	1
surrealisme	winecork	1
surrealisme	winecorkcrafts	1
surrealisme	corkrecycling	1
surrealisme	symbolisme	2
surrealisme	duel	2
surrealisme	jeu	2
surrealisme	andegemon	2
surrealisme	toupie	1
surrealisme	formule	1
surrealisme	inspiration	1
surrealisme	photocomposition	1
surrealisme	cosmos	1
surrealisme	space	1
surrealisme	espace	1
surrealisme	astronomie	1
surrealisme	astronomy	1
surrealisme	surrealart	2
surrealisme	artsurreel	2
surrealisme	interstellar	1
surrealisme	cineyliteratura	1
surrealisme	vian	1
surrealisme	louismalle	1
surrealisme	borisvian	1
surrealisme	jiraicrachersurvostombes	1
surrealisme	film	1
surrealisme	nouvellevague	1
surrealisme	lesouffleaucoeur	1
surrealisme	photo	1
surrealisme	photographie	2
surrealisme	miseenscene	1
surrealisme	montage	1
surrealisme	exposition	1
surrealisme	paris	1
surrealisme	abstractart	1
surrealisme	abstrait	1
surrealisme	nacreous	1
surrealisme	orchid	1
surrealisme	fractal	1
surrealisme	litterature	2
surrealisme	lettres	1
surrealisme	politique	1
surrealisme	ecriture	1
surrealisme	18novembre	1
surrealisme	pauleluard	1
surrealisme	eluard	1
surrealisme	poesie	2
surrealisme	poemes	1
surrealisme	dadaisme	1
surrealisme	markshagal	2
surrealisme	shagal	2
surrealisme	chagall	2
surrealisme	marcchagall	2
surrealisme	kunst	2
surrealisme	surrealist	2
surrealisme	painting	1
surrealisme	oil	1
surrealisme	canvas	1
surrealisme	bouquet	1
poemes	marieclairepopineau	1
poemes	reverie	4
poemes	reves	1
poemes	poesie	43
poemes	poetry	9
poemes	automne	3
poemes	jelalis	1
poemes	lespoemestoutnus	6
poemes	eduardopisani	6
poemes	edouardo	6
poemes	jetaimelelundi	6
poemes	poetes	7
poemes	culture	18
poemes	litterature	19
poemes	livre	1
poemes	apollinaire	1
poemes	deconfinement	1
poemes	atelier	1
poemes	ecriture	11
poemes	lettres	2
poemes	emotions	1
poemes	poemesdujour	17
poemes	frenchpoetry	10
poemes	haiku	8
poemes	eau	2
poemes	ciel	1
poemes	terre	1
poemes	lglf5	2
poemes	juliet	1
poemes	lundifleuri	4
poemes	poeme	8
poemes	nadineadra	4
poemes	papillon	4
poemes	poesies	10
poemes	lazzi	10
poemes	amour	4
poemes	force	2
poemes	feminicide	3
poemes	ia	3
poemes	google	2
poemes	prenomsdumercredi	1
poemes	lune	2
poemes	nuit	2
poemes	violencesfaitesauxfemmes	1
poemes	sommeil	2
poemes	sortie	2
poemes	seduction	1
poemes	scribaland	12
poemes	art	12
poemes	artistes	4
poemes	artists	3
poemes	poems	5
poemes	auteurs	12
poemes	authors	3
poemes	livres	12
poemes	books	3
poemes	ecrire	11
poemes	writings	3
poemes	writing	3
poemes	writers	3
poemes	ecrivains	12
poemes	novellists	2
poemes	literacy	3
poemes	litteraire	11
poemes	literature	3
poemes	read	2
poemes	lire	12
poemes	words	1
poemes	merci	1
poemes	kindle	8
poemes	ebooks	8
poemes	manuscrits	9
poemes	bd	4
poemes	bibliotheques	8
poemes	mots	11
poemes	agentslitteraires	7
poemes	maisondedition	1
poemes	lecture	7
poemes	lecteurs	7
poemes	librairies	2
poemes	beau	1
poemes	vie	1
poemes	novelists	1
poemes	tout	1
poemes	est	1
poemes	folklore	1
poemes	web	2
poemes	internet	1
poemes	exlibris	1
poemes	leshabitstraditionnels	1
poemes	habitstraditionnels	1
poemes	habits	1
poemes	traditionnels	1
poemes	muses	1
poemes	machinelearning	1
poemes	poesiecontemporaine	3
poemes	ecrit	2
poemes	textelibre	2
poemes	motsdamour	3
poemes	calme	1
poemes	silence	3
poemes	attente	4
poemes	mort	4
poemes	temps	4
poemes	veroferre	3
poemes	programmation	1
poemes	emissionlitteraire	1
poemes	chronique	6
poemes	vendredilecture	6
poemes	generationauthentique	1
poemes	unicefafrique	1
poemes	penseepositive	1
poemes	motivationauthentique	1
poemes	textes	1
poemes	penseedusoir	1
poemes	ecoledufutur	1
poemes	afriquecentrale	1
poemes	authentikplume	1
poemes	lundimotivation	2
poemes	reveries	1
poemes	reconfinement	1
poemes	travail	1
poemes	bouquins	1
poemes	ecritures	1
poemes	lectures	1
poemes	romans	1
poemes	nouvelles	1
poemes	audiovisuel	1
poemes	radios	1
poemes	tv	3
poemes	maisonsdedition	6
poemes	poesiequebecoise	1
poemes	poemesaleaufroide	1
poemes	coucou	2
poemes	bonjour	2
poemes	pensee	2
poemes	soleil	1
poemes	jour	1
poemes	contes	1
poemes	printemps	1
poemes	hiver	1
poemes	live	1
poemes	manque	1
poemes	givre	1
poemes	expo	3
poemes	ready2print	3
poemes	journeemondialedelenfance	3
poemes	enfants	3
poemes	shoah	3
poemes	dessins	1
poemes	jouets	1
poemes	arbre	1
poemes	recueil	3
poemes	bitambitam	1
poemes	canal	1
poemes	ecluse	1
poemes	3d	1
poemes	blogs	1
poemes	jeu	1
poemes	18novembre	1
poemes	pauleluard	1
poemes	eluard	1
poemes	dadaisme	1
poemes	surrealisme	1
haikus	haiku	16
haikus	haikuchallenge	11
haikus	haikudujour	11
haikus	poesie	15
haikus	japon	10
haikus	artjaponais	10
haikus	tokyo	10
haikus	confinement	8
haikus	sorbonne	10
haikus	francophonie	10
haikus	langueso	10
haikus	1mot1haiku	4
haikus	haykus	4
haikus	52haikus2020	1
haikus	automne	1
haikus	autumn	1
haikus	fall	1
haikus	vent	1
haikus	wind	1
haikus	caturday	2
haikus	chamedi	2
haikus	chaiku	2
haikus	chat	1
haikus	cat	1
haikus	neko	1
haikus	herbst	2
haikus	cdi	2
haikus	allemand	2
haikus	reconfinement	2
micropoetry	poesie	49
micropoetry	micropoesie	8
micropoetry	poetrycommunity	13
micropoetry	hangtenstories	10
micropoetry	surround	10
micropoetry	lovestory	9
micropoetry	writingcommunity	9
micropoetry	poems	9
micropoetry	trahiparlesien	1
micropoetry	art	1
micropoetry	haiku	25
micropoetry	haikudaily	2
micropoetry	poetry	7
micropoetry	poem	6
micropoetry	haikuchallenge	1
micropoetry	haikupunkture	1
micropoetry	6mots	1
micropoetry	poesia	22
micropoetry	poeme	4
micropoetry	micropoeme	4
micropoetry	micropoem	4
micropoetry	lecturepourtous	4
micropoetry	mylenwyd	1
micropoetry	ventresaintgris	1
micropoetry	hep	1
poetryisnotdead	philthepoete	15
poetryisnotdead	poeme	9
poetryisnotdead	slampoem	7
poetryisnotdead	poetry	9
poetryisnotdead	slampoesie	9
poetryisnotdead	poet	8
poetryisnotdead	poete	9
poetryisnotdead	acrostiche	4
poetryisnotdead	poetrycommunity	9
poetryisnotdead	writer	6
poetryisnotdead	poetrywriter	9
poetryisnotdead	poetrylovers	9
poetryisnotdead	poetrydayirl	9
poetryisnotdead	poetry_planet	9
poetryisnotdead	slam	5
poetryisnotdead	ecriture	2
poetryisnotdead	sonnet	2
poetryisnotdead	poesie	2
poetryisnotdead	poesiefrancais	2
poetryisnotdead	francophone	2
poetryisnotdead	quebec	2
covidpoeme	poesie	4
covidpoeme	carnetdepandemie	1
poete	philthepoete	13
poete	poeme	10
poete	slampoem	6
poete	poetry	10
poete	slampoesie	8
poete	poet	7
poete	acrostiche	4
poete	poetrycommunity	8
poete	writer	5
poete	poetrywriter	8
poete	poetrylovers	8
poete	poetrydayirl	8
poete	poetryisnotdead	8
poete	poetry_planet	8
poete	slam	4
poete	humeur	23
poete	jacquesprevert	1
poete	feuillesblanches	1
poete	culture	2
poete	art	7
poete	litterature	4
poete	citationdusoir	1
poete	espoir	1
poete	heureux	1
poete	pensee	3
poete	confinement	1
poete	wherewordsfallintopieces	1
poete	lecture	2
poete	poesie	14
poete	moyenage	1
poete	amour	2
poete	livres	1
poete	lesmotsdecello	1
poete	bibliotheque	1
poete	auteur	1
poete	antiracism	1
poete	international	1
poete	translating	2
poete	chilean	2
poete	traduction	1
poete	artiste	4
poete	musique	3
poete	inspiration	2
poete	talent	2
poete	decouverte	2
poete	univers	2
poete	musiqueactuelle	2
poete	live	2
poete	spectacle	2
poete	psgrbl	1
poete	parrbl	1
poete	lire	1
poete	parution	1
poete	tanelbaz	1
poete	auteure	1
poete	amourdesmots	1
poete	mots	1
poete	poetesse	1
poete	ecriture	3
poete	coeur	1
poete	strophe	1
poete	emotion	1
poete	punchline	2
poete	charbo	1
poete	lopedevega	1
poete	dramaturge	1
poete	ecrivains	1
poete	sonnet	2
poete	poesiefrancais	2
poete	francophone	2
poete	quebec	2
poete	peintre	3
poete	photographe	3
poete	samueldiz	3
poete	guitare	3
poete	federicogarcialorca	3
poete	grenade	3
poete	peinture	2
poete	citation	3
poete	photographie	1
poete	ecrivain	2
poete	humour	2
poete	quote	1
poete	quoteoftheday	1
poete	citationdujour	1
poete	ralphwaldoemerson	1
poete	philosophe	1
poete	bookoftheday	1
poete	rire	1
poete	depression	1
poete	deprime	1
poete	tristesse	1
poete	nostalgie	1
poete	solidarite	1
poete	amitie	1
poete	bonheur	1
poete	manet	1
poete	lanceurdalerte	1
poete	darmanin	1
poete	mediapart	1
poete	politique	1
poete	macron	1
poete	violencespolicieres	1
poete	justice	1
poete	presse	1
poete	medias	1
poete	liberte	1
poete	giletsjaunes	1
poete	loisecuriteglobal	1
poete	lglf5	1
poete	vendredilecture	1
poete	artists	1
poete	painting	1
poete	garcialorca	1
poete	dessindepresse	1
poete	dessin	1
poete	musees	1
poete	poeteespagnol	1
poete	entretien	1
poete	critique	1
poete	claudeminiere	1
poete	ericchauvet	1
poete	pcagalleryart	1
poete	galerie	1
poete	plage	1
poete	vent	1
poete	ocean	1
poete	islamisme	1
poete	romancier	1
poete	journaliste	1
poete	intellectuels	1
poete	victime	1
poete	terrorisme	1
poete	islamiste	1
poete	separatisme	1
poete	naissance	1
poete	kandinsky	1
poete	theoricien	1
poete	et	1
poete	10novembre	1
poete	rimbaud	1
poete	chronique	1
poete	review	1
poete	b2o	1
poemesdujour	poesie	19
poemesdujour	frenchpoetry	11
poemesdujour	poemes	10
poemesdujour	haiku	9
poemesdujour	eau	2
poemesdujour	ciel	1
poemesdujour	terre	1
poemesdujour	lune	2
poemesdujour	nuit	3
poemesdujour	automne	3
poemesdujour	calme	1
poemesdujour	silence	3
poemesdujour	soleil	1
poemesdujour	jour	1
poemesdujour	printemps	1
poemesdujour	hiver	1
poemesdujour	manque	1
poemesdujour	givre	1
poemesdujour	arbre	1
poemesdujour	poeme	1
poemesdujour	canal	1
poemesdujour	ecluse	1
poemesdujour	froid	1
slampoesie	philthepoete	16
slampoesie	poeme	10
slampoesie	slampoem	7
slampoesie	poetry	10
slampoesie	poet	9
slampoesie	poete	10
slampoesie	acrostiche	4
slampoesie	poetrycommunity	9
slampoesie	writer	6
slampoesie	poetrywriter	10
slampoesie	poetrylovers	10
slampoesie	poetrydayirl	9
slampoesie	poetryisnotdead	9
slampoesie	poetry_planet	10
slampoesie	slam	5
slampoesie	ecriture	3
slampoesie	sonnet	3
slampoesie	poesie	3
slampoesie	poesiefrancais	3
slampoesie	francophone	3
slampoesie	quebec	3
slampoesie	lamaisondesparents	1
slampoesie	slamalecole	1
slampoesie	ligueslamdefrance	1
tanka	haiku	7
tanka	japon	2
tanka	poesie	5
tanka	jardin	2
tanka	desserts	1
tanka	sundayvibes	1
tanka	poetry	1
tanka	samedidenrire	2
tanka	atelier	1
tanka	jeudiphoto	1
tanka	naturelovers	1
tanka	nature	1
ironème	ironemes	67
ironème	coiffeurs	1
ironème	confinement	1
ironème	securiteglobale	1
ironème	maradona	1
ironème	foot	1
ironème	messes	1
ironème	coran	1
ironème	flaubert	1
ironème	olivierveran	1
poetry	poesie	62
poetry	art	3
poetry	photography	4
poetry	marieclairepopineau	1
poetry	reverie	1
poetry	reves	1
poetry	poemes	3
poetry	automne	1
poetry	jelalis	1
poetry	poesia	41
poetry	lespoemestoutnus	2
poetry	eduardopisani	2
poetry	edouardo	2
poetry	jetaimelelundi	2
poetry	poetes	2
poetry	culture	2
poetry	litterature	3
poetry	philthepoete	3
poetry	poeme	13
poetry	slampoem	2
poetry	slampoesie	2
poetry	poet	4
poetry	poete	3
poetry	acrostiche	2
poetry	poetrycommunity	5
poetry	writer	3
poetry	poetrywriter	2
poetry	poetrylovers	2
poetry	poetrydayirl	2
poetry	poetryisnotdead	2
poetry	poetry_planet	2
poetry	slam	2
poetry	artbook	1
poetry	filigraneseditions	1
poetry	clerihew	1
poetry	pluscachange	1
poetry	lovethruquotes	1
poetry	lovepoetry	1
poetry	love	2
poetry	lovequotes	1
poetry	maradona	1
poetry	argentina	1
poetry	lapelotadelpulpo	1
poetry	indranamirthanayagam	1
poetry	alternance	1
poetry	laissezvivre	1
poetry	confinement	5
poetry	francophonie	10
poetry	quebec	10
poetry	pantheonsorbonne	9
poetry	labnf	8
poetry	lycee	8
poetry	universite	8
poetry	lyceen	8
poetry	etudiant	8
poetry	sorbonne	1
poetry	reconfinement	4
poetry	notturnidicitta	2
poetry	ventaglidiparole	2
poetry	parisjetaime	4
poetry	goodnight	2
poetry	bonsoir	2
poetry	buonaserata	2
poetry	staysafe	2
poetry	changes	3
poetry	writingcommunity	6
poetry	photographicart	2
poetry	photo	2
poetry	digitalart	2
poetry	artist	3
poetry	artgallery	2
poetry	poem	5
poetry	merci	1
poetry	sweetdreams	1
poetry	triste	1
poetry	vie	4
poetry	life	1
poetry	nature	1
poetry	tree	1
poetry	ecologie	1
poetry	ecology	1
poetry	philosophie	1
poetry	philosophy	1
poetry	amour	1
poetry	spiritualite	1
poetry	spiritual	1
poetry	spirituality	1
poetry	espoir	1
poetry	hope	1
poetry	technologie	1
poetry	argent	1
poetry	lundifleuri	1
poetry	nadineadra	1
poetry	papillon	1
poetry	blackandwhite	1
poetry	monochrome	1
poetry	artists	1
poetry	gallery	1
poetry	dianamarysharpton	2
poetry	santana	2
poetry	musicvideo	2
poetry	translating	2
poetry	chilean	2
poetry	pornku	1
poetry	haiku	1
poetry	nude	1
poetry	traduction	1
poetry	commencement	3
poetry	onceuponatime	3
poetry	etoiles	1
poetry	poems	2
poetry	readingpoems	1
poetry	blogger	1
poetry	bloggerstribe	1
poetry	dvdlr	1
poetry	aufilduvent	1
poetry	writingpoems	1
poetry	parody	1
poetry	jokes	1
poetry	memes	1
poetry	comedy	1
poetry	youtube	1
poetry	animation	1
poetry	gaming	1
poetry	actor	1
poetry	wednesday	1
poetry	politics	1
poetry	vfx	1
poetry	visualeffects	1
poetry	funny	1
poetry	director	1
poetry	realtalk	1
poetry	trippy	1
poetry	newmusic	1
poetry	producer	1
poetry	horror	1
poetry	drawing	1
poetry	abstractart	1
poetry	in	1
poetry	poesiefrancaise	1
poetry	sommeil	2
poetry	wordoftheday	1
poetry	writerwednesday	1
poetry	story	1
poetry	verse	1
poetry	freeverse	1
poetry	thoughts	1
poetry	soundcloud	1
poetry	kokoukpami	1
poetry	jeanpaultoohtooh	1
poetry	africanpoetry	1
writober	inktober	3
writober	curioctober	3
writober	sfff	3
writober	ecriture	1
writober	micronouvelle	1
writober	histoire	1
writober	nouvelle	1
writober	scifi	1
writober	fantasy	1
writober	iamwriting	1
writober	wattpad	1
writober	hebdocubes	1
writober	writever	1
micropoeme	haiku	20
micropoeme	poeme	10
micropoeme	poesie	10
micropoeme	micropoesie	10
micropoeme	lecturepourtous	10
micropoeme	automne	1
micropoeme	poem	4
micropoeme	poetry	4
micropoeme	micropoetry	4
micropoeme	micropoem	4
haikuchallenge	haiku	14
haikuchallenge	haikus	11
haikuchallenge	haikudujour	11
haikuchallenge	poesie	11
haikuchallenge	japon	10
haikuchallenge	artjaponais	10
haikuchallenge	tokyo	10
haikuchallenge	confinement	8
haikuchallenge	sorbonne	10
haikuchallenge	francophonie	10
haikuchallenge	langueso	10
haikuchallenge	vendee	1
haikuchallenge	litterature	1
haikuchallenge	larochesuryon	1
haikuchallenge	lrsy	2
haikuchallenge	haikupunkture	1
haikuchallenge	6mots	1
haikuchallenge	micropoetry	1
haikuchallenge	reconfinement	2
poesie	lesmotsdecello	1
poesie	haiku	3
poesie	ballade	1
poesie	confinement	4
poesie	mothern	1
poesie	alsace	1
poesie	rhin	1
poesie	poeme	7
poesie	vers	1
poesie	amour	1
poesie	alexandrins	1
poesie	citation	1
poesie	litterature	3
poesie	micropoesie	4
poesie	micropoetry	3
poesie	poetrycommunity	3
poesie	trash	1
poesie	editionsdelecrou	1
poesie	littqc	1
poesie	poetry	24
poesie	art	1
poesie	photography	2
poesie	delloly	1
poesie	mots	2
poesie	lesprit	1
poesie	bfmtv	1
poesie	auteur	1
poesie	author	1
poesie	ladiva	1
poesie	youc	1
poesie	theatre	1
poesie	lci	1
poesie	cnews	1
poesie	pandemie	1
poesie	lemepris	1
poesie	liberte	2
poesie	devenir	1
poesie	marieclairepopineau	1
poesie	reverie	1
poesie	reves	1
poesie	poemes	2
poesie	automne	1
poesie	jelalis	1
poesie	photographie	3
poesie	censure	1
poesie	puritanisme	1
poesie	aldamerini	1
poesie	lisezvouslebelge	1
poesie	voixetvisages	1
poesie	fairelien	1
poesie	fairesens	1
poesie	motamorphose	1
poesie	poesia	18
poesie	lespoemestoutnus	1
poesie	eduardopisani	1
poesie	edouardo	1
poesie	jetaimelelundi	1
poesie	poetes	1
poesie	culture	1
poesie	micropoeme	1
poesie	lecturepourtous	1
poesie	humour	3
poesie	nuitchercheurs	2
poesie	artufel	2
poesie	radio	2
poesie	cover	2
poesie	live	2
poesie	mashup	2
poesie	libreantenne	2
poesie	artufelradio	2
poesie	laurentartufel	2
poesie	cinema	3
poesie	artiste	2
poesie	enfant	1
poesie	bricolage	1
poesie	serpent	1
poesie	prixcopo	1
poesie	traduction	1
poesie	youtube	4
poesie	machaineyoutube	4
poesie	youtubeur	4
poesie	francophonie	4
poesie	poesiecontemporaine	6
poesie	frenchpoetry	3
poesie	sorbonne	3
poesie	quebec	3
poesie	lycee	3
poesie	universite	3
poesie	lyceen	3
poesie	etudiant	3
poesie	alexandrin	1
poesie	dosedepoesie	1
poesie	unpoeteparmois	1
poesie	poesiedujour	1
poesie	timide	1
poesie	fartoukh	1
poesie	lesecrits	1
poesie	ecrits	1
poesie	livre	1
poesie	reconfinement	1
poesie	parisjetaime	1
poesie	goodnight	1
poesie	bonsoir	1
poesie	buonaserata	1
poesie	staysafe	1
poesie	julesbarbeydaurevilly	1
poesie	universel	1
poesie	film	1
poesie	mecamot18	1
poesie	texte	1
poesie	dominiqueleblanc	1
poesie	photo	1
poesie	societe	1
poesie	ecriture	1
poesie	dystopie	1
poesie	challengeaz	1
poesie	jeudiconfession	1
micropoem	haiku	8
micropoem	poeme	4
micropoem	poem	4
micropoem	poesie	4
micropoem	poetry	4
micropoem	micropoesie	4
micropoem	micropoetry	4
micropoem	micropoeme	4
micropoem	lecturepourtous	4
writober	inktober	3
writober	curioctober	3
writober	sfff	3
writober	ecriture	1
writober	micronouvelle	1
writober	histoire	1
writober	nouvelle	1
writober	scifi	1
writober	fantasy	1
writober	iamwriting	1
writober	wattpad	1
writober	hebdocubes	1
writober	writever	1
poésie	lesmotsdecello	1
poésie	haiku	3
poésie	ballade	1
poésie	confinement	4
poésie	mothern	1
poésie	alsace	1
poésie	rhin	1
poésie	poeme	7
poésie	vers	1
poésie	amour	1
poésie	alexandrins	1
poésie	citation	1
poésie	litterature	3
poésie	micropoesie	4
poésie	micropoetry	3
poésie	poetrycommunity	3
poésie	trash	1
poésie	editionsdelecrou	1
poésie	littqc	1
poésie	poetry	24
poésie	art	1
poésie	photography	2
poésie	delloly	1
poésie	mots	2
poésie	lesprit	1
poésie	bfmtv	1
poésie	auteur	1
poésie	author	1
poésie	ladiva	1
poésie	youc	1
poésie	theatre	1
poésie	lci	1
poésie	cnews	1
poésie	pandemie	1
poésie	lemepris	1
poésie	liberte	2
poésie	devenir	1
poésie	marieclairepopineau	1
poésie	reverie	1
poésie	reves	1
poésie	poemes	2
poésie	automne	1
poésie	jelalis	1
poésie	photographie	3
poésie	censure	1
poésie	puritanisme	1
poésie	aldamerini	1
poésie	lisezvouslebelge	1
poésie	voixetvisages	1
poésie	fairelien	1
poésie	fairesens	1
poésie	motamorphose	1
poésie	poesia	18
poésie	lespoemestoutnus	1
poésie	eduardopisani	1
poésie	edouardo	1
poésie	jetaimelelundi	1
poésie	poetes	1
poésie	culture	1
poésie	micropoeme	1
poésie	lecturepourtous	1
poésie	humour	3
poésie	nuitchercheurs	2
poésie	artufel	2
poésie	radio	2
poésie	cover	2
poésie	live	2
poésie	mashup	2
poésie	libreantenne	2
poésie	artufelradio	2
poésie	laurentartufel	2
poésie	cinema	3
poésie	artiste	2
poésie	enfant	1
poésie	bricolage	1
poésie	serpent	1
poésie	prixcopo	1
poésie	traduction	1
poésie	youtube	4
poésie	machaineyoutube	4
poésie	youtubeur	4
poésie	francophonie	4
poésie	poesiecontemporaine	6
poésie	frenchpoetry	3
poésie	sorbonne	3
poésie	quebec	3
poésie	lycee	3
poésie	universite	3
poésie	lyceen	3
poésie	etudiant	3
poésie	alexandrin	1
poésie	dosedepoesie	1
poésie	unpoeteparmois	1
poésie	poesiedujour	1
poésie	timide	1
poésie	fartoukh	1
poésie	lesecrits	1
poésie	ecrits	1
poésie	livre	1
poésie	reconfinement	1
poésie	parisjetaime	1
poésie	goodnight	1
poésie	bonsoir	1
poésie	buonaserata	1
poésie	staysafe	1
poésie	julesbarbeydaurevilly	1
poésie	universel	1
poésie	film	1
poésie	mecamot18	1
poésie	texte	1
poésie	dominiqueleblanc	1
poésie	photo	1
poésie	societe	1
poésie	ecriture	1
poésie	dystopie	1
poésie	challengeaz	1
poésie	jeudiconfession	1
lycee	fusil	10
lycee	machette	10
lycee	policiers	1
lycee	presse	3
lycee	jeanmichelblanquer	1
lycee	syndicat	1
lycee	education	4
lycee	ecogestion	1
lycee	voiepro	1
lycee	regionales2021	2
lycee	courbevoie	4
lycee	evreuxnormandie	1
lycee	evreux	1
lycee	djougou	1
lycee	benin	1
lycee	outremer	2
lycee	martinique	2
lycee	fortdefrance	2
lycee	france	8
lycee	parents	5
lycee	restaurants	3
lycee	lcp	4
lycee	stationsdeski	1
lycee	montagne	1
lycee	paris	4
lycee	jeudi	2
lycee	psychiatrie	1
lycee	lci	5
lycee	macron	1
lycee	afp	3
lycee	youtube	6
lycee	machaineyoutube	6
lycee	youtubeur	6
lycee	francophonie	18
lycee	poesie	12
lycee	frenchpoetry	11
lycee	sorbonne	12
lycee	quebec	19
lycee	confinement	13
lycee	universite	18
lycee	lyceen	17
lycee	etudiant	17
lycee	livre	1
lycee	ecrire	1
lycee	ecrivain	1
lycee	motivation	1
lycee	burnout	1
lycee	etudes	1
lycee	ecole	2
lycee	sport	1
lycee	tennis	1
lycee	running	1
lycee	crossfit	1
lycee	prof	1
lycee	fortnite	1
lycee	ad	1
lycee	macrondemission	1
lycee	codepromo	1
lycee	sponsored	1
lycee	covid_19	2
lycee	legouvernementnouscontrol	1
lycee	puce5g	1
lycee	ps5	1
lycee	xboxseriesx	1
lycee	encule	1
lycee	fdp	1
lycee	uneheureavantamanger	1
lycee	artsplastiques	2
lycee	college	14
lycee	llcer	1
lycee	amc	1
lycee	biden	1
lycee	trump	1
lycee	mediatv	1
lycee	franceinfo	2
lycee	usa	2
lycee	foxnews	1
lycee	cnn	1
lycee	washington	1
lycee	alternance	1
lycee	laissezvivre	1
lycee	poeme	8
lycee	poetry	8
lycee	pantheonsorbonne	7
lycee	labnf	12
lycee	travail	1
lycee	bars	1
lycee	poleemploi	1
lycee	chomage	2
lycee	allophones	4
lycee	reconfinement	8
lycee	pantheon	1
lycee	monde	1
lycee	diegomaradona	3
lycee	penseurs	1
lycee	argentina	2
lycee	naples	1
lycee	enfer	1
lycee	apollinematin	2
lycee	medecin	1
lycee	macon	1
lycee	public	2
lycee	covid	2
lycee	medecins	1
lycee	magie	1
lycee	ehpad	1
lycee	retraites	1
lycee	medine	1
lycee	africa	1
lycee	london	1
lycee	marseille	2
lycee	argentine	2
lycee	jeudiconfession	1
lycee	covid19	7
lycee	prive	1
lycee	injustice	1
lycee	macron20h	1
lycee	maternelle	8
lycee	elementaire	8
lycee	lyceepro	8
lycee	lycees	1
lycee	inegalite	1
lycee	numerique	1
lycee	reseaux	1
lycee	cartographie	1
lycee	ubereats	2
lycee	netflix	1
lycee	nabilla	1
lycee	jazz	1
lycee	unjourunephoto	1
lycee	formation	1
lycee	technologie	1
lycee	industrie	1
lycee	fondation	1
lycee	associations	1
lycee	twitteer	1
lycee	reseauxsociaux	1
lycee	universites	1
lycee	manifestation	1
lycee	parties	1
lycee	banquealimentaire	1
lycee	lemirail	1
lycee	vitrysurseine	3
lycee	nrjhits	1
lycee	france2	1
lycee	tf1	1
lycee	nrj12	1
lycee	franceinter	1
lycee	rtl	1
lycee	europe1	1
lycee	tpmp	1
lycee	humour	1
lycee	dj	1
lycee	hanouna	1
lycee	rire	1
lycee	primaire	1
lycee	valdemarne	1
lycee	budget	1
lycee	ecologie	1
lycee	jeuxvideo	1
lycee	btssam	1
lycee	stage	1
lycee	internship	1
lycee	hybride	2
lycee	demipensionnaires	2
lycee	classesvirtuelles	1
lycee	eschool	1
lycee	bienfaits	1
lycee	sportetudes	1
lycee	enligne	1
lycee	football	1
lycee	restauration	1
lycee	cantine	1
lycee	valdeblore	1
lycee	alpes_maritimes	1
lycee	bts	1
lycee	informations	1
lycee	annabac	1
lycee	monlyceeconnecte	1
lycee	cdi	1
lycee	profsdocs	1
lycee	bac2021	1
micronouvelle	horreur	1
micronouvelle	creepy	1
micronouvelle	paranormal	1
micronouvelle	winchester	1
micronouvelle	hante	1
micronouvelle	carotte	1
micronouvelle	mdr	1
micronouvelle	lecture	1
micronouvelle	microfiction	1
micronouvelle	dinosaures	1
micronouvelle	writober	3
micronouvelle	sfff	3
micronouvelle	ecriture	1
micronouvelle	histoire	1
micronouvelle	nouvelle	1
micronouvelle	scifi	1
micronouvelle	fantasy	1
micronouvelle	iamwriting	1
acrostiche	philthepoete	5
acrostiche	poeme	3
acrostiche	slampoem	3
acrostiche	poetry	3
acrostiche	slampoesie	3
acrostiche	poet	3
acrostiche	poete	3
acrostiche	poetrycommunity	3
acrostiche	writer	2
acrostiche	poetrywriter	3
acrostiche	poetrylovers	3
acrostiche	poetrydayirl	3
acrostiche	poetryisnotdead	3
acrostiche	poetry_planet	3
acrostiche	slam	2
acrostiche	cheri	1
micropoesie	haiku	41
micropoesie	poesie	32
micropoesie	micropoetry	8
micropoesie	poetrycommunity	5
micropoesie	poeme	10
micropoesie	micropoeme	10
micropoesie	lecturepourtous	10
micropoesie	mariesigal	1
micropoesie	twitterature	5
micropoesie	elections2020	1
micropoesie	litterature	12
micropoesie	automne	2
micropoesie	poem	4
micropoesie	poetry	6
micropoesie	micropoem	4
micropoesie	japon	2
micropoesie	twiterature	2
micropoesie	chante	1
micropoesie	talent	1
micropoesie	musique	1
micropoesie	meteo	1
micropoesie	zen	1
micropoesie	matin	1
micropoesie	pessimisme	2
haykus	1mot1haiku	4
haykus	haikus	4
haykus	poesie	4
ironemes	ironeme	97
ironemes	maradona	1
ironemes	foot	1
ironemes	messes	1
ironemes	coran	1
ironemes	flaubert	1
ironemes	olivierveran	1
ironemes	daval	1
writingcommunity	medium	9
writingcommunity	writing	14
writingcommunity	penname	9
writingcommunity	audio	9
writingcommunity	narration	9
writingcommunity	narrated	9
writingcommunity	writerlife	9
writingcommunity	tips	8
writingcommunity	marketing	8
writingcommunity	writingtips	8
writingcommunity	blogging	8
writingcommunity	selfimprovement	2
writingcommunity	wolfpackauthors	36
writingcommunity	supernatural	36
writingcommunity	comingofage	36
writingcommunity	prompt	4
writingcommunity	changes	3
writingcommunity	poetry	7
writingcommunity	fictionwriting	1
writingcommunity	authors	1
writingcommunity	novelwriting	1
writingcommunity	selfpublishing	1
writingcommunity	indieauthors	1
writingcommunity	selfpub	2
writingcommunity	writers	5
writingcommunity	amwriting	20
writingcommunity	fictioninaflash	6
writingcommunity	poetrycommunity	9
writingcommunity	mentalhealth	2
writingcommunity	mentalhealthawareness	2
writingcommunity	poem	4
writingcommunity	aheadofthecurve	4
writingcommunity	anomaly	4
writingcommunity	antipoetry	6
writingcommunity	authorslife	8
writingcommunity	micropoetry	4
writingcommunity	lovestory	4
writingcommunity	poems	7
writingcommunity	vampires	1
writingcommunity	vampirebooks	1
writingcommunity	swords	1
writingcommunity	sorcery	1
writingcommunity	fantasy	1
writingcommunity	bookboost	1
writingcommunity	beingauthor	1
writingcommunity	iartg	2
writingcommunity	ian1	1
writingcommunity	asmsg	2
writingcommunity	readerscommunity	1
writingcommunity	writerscafe	2
writingcommunity	auteur	1
writingcommunity	todaysword	1
writingcommunity	amediting	5
writingcommunity	thanksgiving	1
writingcommunity	avantgarde	3
writingcommunity	cryptic	1
writingcommunity	futureisanattitude	1
writingcommunity	iconoclast	1
writingcommunity	indieauthor	1
writingcommunity	literary	2
writingcommunity	literatureposts	1
writingcommunity	poetstwitter	1
writingcommunity	rhymes	2
writingcommunity	wordsmith	2
writingcommunity	in	1
writingcommunity	poesiefrancaise	1
writingcommunity	poesie	2
writingcommunity	wordoftheday	1
writingcommunity	writerwednesday	1
writingcommunity	story	1
writingcommunity	verse	1
writingcommunity	freeverse	1
writingcommunity	thoughts	1
writingcommunity	readingcommunity	3
writingcommunity	halloween	1
writingcommunity	zoom	1
writingcommunity	aristote	1
writingcommunity	beewhy	1
writingcommunity	dm	1
writingcommunity	rockinfaves	1
writingcommunity	mjjk	1
writingcommunity	chapichapo	1
writingcommunity	writingtip	1
writingcommunity	editing	1
writingcommunity	author	3
writingcommunity	authorlife	1
writingcommunity	catchytune	1
writingcommunity	criticalthinking	1
writingcommunity	dadaesque	1
writingcommunity	debating	1
writingcommunity	deconstruction	2
writingcommunity	fakenews	1
writingcommunity	opiniononline	1
writingcommunity	lyrical	1
writingcommunity	poets	2
writingcommunity	political	1
writingcommunity	satire	1
writingcommunity	songwriting	1
writingcommunity	wordsmithy	1
writingcommunity	writerslife	2
writingcommunity	dadaist	1
writingcommunity	fineprint	1
writingcommunity	legalese	1
writingcommunity	lexicon	1
writingcommunity	linguistics	1
writingcommunity	literature	1
writingcommunity	meta	1
writingcommunity	pedantic	1
writingcommunity	prosaic	1
writingcommunity	prose	1
writingcommunity	verbose	1
writingcommunity	verbosity	1
writingcommunity	mondaythoughts	1
writingcommunity	blog	1
writingcommunity	philosophy	1
writingcommunity	politics	1
writingcommunity	freedom	1
writingcommunity	despotism	1
writingcommunity	storytelling	1
writingcommunity	ecrire	1
writingcommunity	ecriture	1
writingcommunity	meetauthors	1
writingcommunity	americanauthor	1
writingcommunity	etre	1
writingcommunity	poesia	1
writingcommunity	blogger	1
writingcommunity	bloggerstribe	1
writingcommunity	readingpoem	1
writingcommunity	writingpoem	1
writingcommunity	goodmorning	1
writingcommunity	bloggingcommunity	2
writingcommunity	artistsontwitter	2
writingcommunity	creative	2
writingcommunity	f4f	2
writingcommunity	writerscommunity	2
writingcommunity	musicartist	1
writingcommunity	subscribetomychannel	1
writingcommunity	artsandletters	4
writingcommunity	bard	4
writingcommunity	classics	4
writingcommunity	spreadlove	1
writingcommunity	spreadtheword	1
writingcommunity	blackwriters	1
writingcommunity	countdown2021	1
writingcommunity	womenwriters	1
slampoem	philthepoete	13
slampoem	poeme	7
slampoem	poetry	7
slampoem	slampoesie	7
slampoem	poet	7
slampoem	poete	7
slampoem	acrostiche	4
slampoem	poetrycommunity	7
slampoem	writer	6
slampoem	poetrywriter	7
slampoem	poetrylovers	7
slampoem	poetrydayirl	7
slampoem	poetryisnotdead	7
slampoem	poetry_planet	7
slampoem	slam	5
sfff	noel	11
sfff	concours	18
sfff	lecture	20
sfff	liseuse	8
sfff	numerique	11
sfff	kobo	10
sfff	kindle	10
sfff	epub	11
sfff	mobi	11
sfff	imaginaire	18
sfff	fantasy	12
sfff	nouvelle	18
sfff	ya	8
sfff	mercredipromo	4
sfff	jeu	6
sfff	ebook	9
sfff	chance	4
sfff	urbanfantasy	5
sfff	kindleunlimited	3
sfff	scifi	4
sfff	spaceopera	1
sfff	sciencefiction	6
sfff	sf	6
sfff	scififa	1
sfff	auteur	6
sfff	ecriture	10
sfff	call	1
sfff	opencall	1
sfff	autoedition	8
sfff	avantpremiere	6
sfff	rt	1
sfff	ulule	14
sfff	projetruine12	10
sfff	projetruines	10
sfff	lesexplocreateurs	10
sfff	fantastique	8
sfff	appelatextes	1
sfff	at	1
sfff	revuelitteraire	1
sfff	podcasts	1
sfff	livre	6
sfff	litterature	1
sfff	chronique	1
sfff	podcasting	1
sfff	autrice	9
sfff	correction	2
sfff	webpubli	7
sfff	webfiction	7
sfff	mardiconseil	1
sfff	vendredilecture	5
sfff	mutrae	10
sfff	lundiblog	1
sfff	horreur	7
sfff	epouvante	5
sfff	autoeditee	3
sfff	youngadult	1
sfff	roman	8
sfff	writober	3
sfff	merveilleux	1
sfff	nanowrimo	3
sfff	lesangdes7rois	2
sfff	serie	1
sfff	regisgoddyn	1
sfff	litteraturefrancaise	2
sfff	editionslatalante	1
sfff	reecriture	2
sfff	trilogie	4
sfff	romance	2
sfff	amazon	1
sfff	fnac	1
sfff	broche	1
sfff	reves	1
sfff	passe	1
sfff	present	1
sfff	amitie	1
sfff	famille	1
sfff	micronouvelle	1
sfff	histoire	1
sfff	iamwriting	1
sfff	plan	1
sfff	travail	1
sfff	coupdecoeur	1
sfff	lecombatdhiver	1
sfff	jeanclaudemourlevat	1
sfff	litteraturejeunesse	1
sfff	dystopie	2
sfff	jeuneadulte	1
sfff	gallimardjeunesse	1
sfff	conseillecture	1
sfff	romanhistorique	1
sfff	enligne	4
sfff	inceptioeditions	2
sfff	inceptio	2
sfff	editeur49	2
sfff	edition	2
sfff	litteratureimaginaire	1
sfff	thriller	2
sfff	romanthriller	1
sfff	romanfantastique	1
sfff	respirer	3
sfff	voyage	3
sfff	pangea	3
sfff	secret	3
sfff	paranormal	1
sfff	lessentinellesdepangea	1
sfff	aventure	1
sfff	magie	1
sfff	anticipation	1
sfff	evasion	1
sfff	green	1
sfff	breathe	1
sfff	sortie	5
sfff	publication	5
sfff	site	1
sfff	blog	1
sfff	carrouselfuneste	2
sfff	crowdfunding	1
sfff	fenriss	1
sfff	faussepub	1
sfff	sketch	1
sfff	france	1
sfff	paris	1
sfff	angers	1
sfff	cadeau	1
sfff	packnoel	1
sfff	goodies	1
sfff	book	1
associationdidees	surrealisme	17
associationdidees	dada	17
associationdidees	oulipo	17
associationdidees	daidomoriyama	1
associationdidees	photography	1
associationdidees	jacquesmonory	1
associationdidees	jenniferalleyn	1
poetrycommunity	poesie	23
poetrycommunity	micropoesie	5
poetrycommunity	micropoetry	13
poetrycommunity	philthepoete	15
poetrycommunity	poeme	11
poetrycommunity	slampoem	7
poetrycommunity	poetry	33
poetrycommunity	slampoesie	9
poetrycommunity	poet	10
poetrycommunity	poete	9
poetrycommunity	acrostiche	4
poetrycommunity	writer	9
poetrycommunity	poetrywriter	10
poetrycommunity	poetrylovers	16
poetrycommunity	poetrydayirl	9
poetrycommunity	poetryisnotdead	9
poetrycommunity	poetry_planet	9
poetrycommunity	slam	5
poetrycommunity	lovethruquotes	2
poetrycommunity	lovepoetry	2
poetrycommunity	love	4
poetrycommunity	lovequotes	2
poetrycommunity	prompt	4
poetrycommunity	writingcommunity	17
poetrycommunity	amwriting	4
poetrycommunity	mentalhealth	2
poetrycommunity	mentalhealthawareness	3
poetrycommunity	lovestory	9
poetrycommunity	poems	17
poetrycommunity	wednesdaywisdom	4
poetrycommunity	spainculture	1
poetrycommunity	latinculture	1
poetrycommunity	writingprompt	1
poetrycommunity	art	6
poetrycommunity	writing	5
poetrycommunity	life	4
poetrycommunity	witingprompt	1
poetrycommunity	follow	3
poetrycommunity	poetryblogs	3
poetrycommunity	commencement	3
poetrycommunity	onceuponatime	3
poetrycommunity	vie	3
poetrycommunity	etoiles	1
poetrycommunity	poesia	3
poetrycommunity	readingpoems	1
poetrycommunity	blogger	1
poetrycommunity	bloggerstribe	1
poetrycommunity	dvdlr	1
poetrycommunity	aufilduvent	1
poetrycommunity	writingpoems	1
poetrycommunity	in	1
poetrycommunity	poesiefrancaise	2
poetrycommunity	wordoftheday	1
poetrycommunity	writerwednesday	1
poetrycommunity	story	1
poetrycommunity	verse	1
poetrycommunity	wednesday	2
poetrycommunity	poetrythatrhymes	2
poetrycommunity	poem	4
poetrycommunity	thoughts	2
poetrycommunity	writerscommunity	4
poetrycommunity	words	2
poetrycommunity	ilovepoetry	1
poetrycommunity	writers	1
poetrycommunity	paris	2
poetrycommunity	haiku	2
poetrycommunity	ligue_des_optimistes	2
poetrycommunity	citation	3
poetrycommunity	aarp	2
poetrycommunity	poemas	2
poetrycommunity	mardiconseil	1
poetrycommunity	videoviral	1
poetrycommunity	videooftheday	1
poetrycommunity	reflexion	1
poetrycommunity	meditation	1
poetrycommunity	ecriture	2
poetrycommunity	sonnet	2
poetrycommunity	poesiefrancais	2
poetrycommunity	francophone	2
poetrycommunity	quebec	2
poetrycommunity	jazzmusic	1
poetrycommunity	jazz	1
poetrycommunity	chanson	1
poetrycommunity	freedom	1
poetrycommunity	artistontwitter	1
poetrycommunity	poemaday	1
poetrycommunity	mardi	1
poetrycommunity	citationamour	1
poetrycommunity	quotes	3
poetrycommunity	6mots	1
poetrycommunity	lovepoems	1
poetrycommunity	instapoetry	1
poetrycommunity	sadpoetry	1
poetrycommunity	spokenwordpoetry	2
poetrycommunity	blackpoetry	2
poetrycommunity	lonewolfpoetry	2
poetrycommunity	threespeak	2
poetrycommunity	creativeconsciousness	1
poetrycommunity	hive	1
poetrycommunity	nanowrimo2020	1
poetrycommunity	nanowrimo	1
poetrycommunity	couplegoals	1
poetrycommunity	tantra	1
poetrycommunity	amwritingromance	1
poetrycommunity	matin	1
poetrycommunity	imaceleb	2
poetrycommunity	disneyplus	2
poetrycommunity	hiphop	2
poetrycommunity	soundtrack	2
poetrycommunity	soundcloud	2
poetrycommunity	spokenword	2
poetrycommunity	defjam	2
poetrycommunity	pain	2
poetrycommunity	sharepocket	2
poetrycommunity	gift	1
poetrycommunity	talent	1
poetrycommunity	deepthoughts	1
poetrycommunity	viral	1
poetrycommunity	upcomingartist	1
poetrycommunity	voicebattles	1
poetrycommunity	blogging	1
poetrycommunity	nature	1
poetrycommunity	peace	1
poetrycommunity	beaty	1
poetrycommunity	mood	1
poetrycommunity	evening	1
poetrycommunity	lifestyle	1
poetrycommunity	artworks	1
poetrycommunity	lady	1
haiku	lesmotsdecello	1
haiku	poesie	21
haiku	ballade	1
haiku	confinement	3
haiku	mothern	1
haiku	alsace	1
haiku	rhin	1
haiku	micropoesie	4
haiku	poeme	6
haiku	micropoeme	3
haiku	lecturepourtous	3
haiku	maradona	1
haiku	maradona60	1
haiku	cabinetelephonique	2
haiku	lundifleuri	1
haiku	optimisme	14
haiku	ligue_des_optimistes	16
haiku	chaine	1
haiku	soif	1
haiku	etonnement	1
haiku	amour	14
haiku	anges	14
haiku	love	14
haiku	vivre	14
haiku	confianceensoi	2
haiku	lesmemeres	1
haiku	crieurpublic	1
haiku	marche	1
haiku	motsdoux	1
haiku	anonce	1
haiku	revendication	1
haiku	contestations	1
haiku	salvagnac	1
haiku	igerssalvagnac	1
haiku	tarn	1
haiku	igerstarn	1
haiku	occitanie	1
haiku	midipyrenees	1
haiku	sudouest_focus_on	1
haiku	france	1
haiku	poemesdujour	4
haiku	frenchpoetry	2
haiku	poemes	2
haiku	eau	1
haiku	ciel	1
haiku	terre	1
haiku	haikuchallenge	3
haiku	haikus	4
haiku	haikudujour	2
haiku	japon	4
haiku	artjaponais	2
haiku	tokyo	2
haiku	sorbonne	2
haiku	francophonie	2
haiku	langueso	2
haiku	jour	2
haiku	random	2
haiku	leagueoflegends	2
haiku	riotgames	2
haiku	champion	2
haiku	lol	2
haiku	novembre	2
haiku	erotique	9
haiku	pornku	1
haiku	poetry	10
haiku	nude	1
haiku	certifiedloser	2
haiku	loser	2
haiku	yourefiredtrump	2
haiku	yourefired	2
haiku	savoir	8
haiku	lumineux	8
haiku	pensees	8
haiku	tanka	2
haiku	jardin	2
haiku	kunst	1
haiku	collageart	1
haiku	suppentopf	1
haiku	albtraume	1
haiku	lune	1
haiku	nuit	1
haiku	automne	2
haiku	yourefired45	1
haiku	paris	2
haiku	poetrycommunity	2
haiku	micropoetry	1
haiku	haikudaily	1
haiku	poem	7
haiku	summoners	1
haiku	runeterra	1
haiku	nami	1
haiku	wukong	1
haiku	52haikus2020	1
haiku	autumn	1
haiku	fall	1
haiku	vent	1
haiku	wind	1
haiku	audreyhepburn	1
haiku	tiffany	1
haiku	trumancapote	1
haiku	blakeedwards	1
haiku	givenchy	1
haiku	essentiel	5
haiku	orage	5
haiku	duvet	5
haiku	envol	5
haiku	merci	2
haiku	naturelovers	1
tweeterature	humour	26
tweeterature	humeur	2
slam	philthepoete	3
slam	poeme	2
slam	slampoem	2
slam	poetry	2
slam	slampoesie	2
slam	poet	2
slam	poete	2
slam	acrostiche	2
slam	poetrycommunity	2
slam	writer	2
slam	poetrywriter	2
slam	poetrylovers	2
slam	poetrydayirl	2
slam	poetryisnotdead	2
slam	poetry_planet	2
slam	malikjabir	1
slam	saintlouisart	13
slam	stlartmuseum	5
slam	artmuseum	5
slam	rap	3
slam	liguecontrelecancer	1
slam	eloquence	7
slam	covid	7
slam	slamf3	1
slam	jeuxftv	1
slam	alexgoude	1
slam	cyrilferaud	1
slam	jeu	1
slam	tchad	1
slam	adjib	1
slam	culture	1
slam	confinement	1
slam	violencesfaitesauxfemmes	1
slam	pourelles	1
slam	25novembre	1
slam	champagne	2
slam	poesie	4
slam	slammovie	1
slam	pekinexpress	4
slam	formatrice	1
slam	enfants	1
slam	slamunite	1
slam	artiste	1
slam	rfidecouverte	1
slam	congo	1
slam	musiqueurbaine	1
slam	chezmoiaucongo	1
slam	team242	1
slam	ecriture	1
slam	soireeslam	3
slam	goma	3
slam	festival	2
slam	arts	2
slam	bienvenu	1
slam	karibu	1
slam	parolelibre	1
slam	slaminclusion	1
slam	beatbox	1
slam	danse	1
slam	chant	1
slam	peinture	1
slam	dessin	1
slam	calligraphie	1
slam	laureats	1
sonnet	poesie	7
sonnet	poeme	12
sonnet	baudelaire	1
sonnet	charlesbaudelaire	1
sonnet	sunset	1
sonnet	philthepoete	3
sonnet	ecriture	3
sonnet	poetry	5
sonnet	slampoesie	3
sonnet	poet	2
sonnet	poete	3
sonnet	poetrycommunity	2
sonnet	poetrywriter	3
sonnet	poetrylovers	3
sonnet	poetrydayirl	2
sonnet	poetryisnotdead	2
sonnet	poetry_planet	3
sonnet	poesiefrancais	3
sonnet	francophone	3
sonnet	quebec	3
sonnet	concours	1
sonnet	concoursecriture	1
sonnet	bonsplans	1
sonnet	dimancheecriture	1
sonnet	poem	2
sonnet	gonzaga	2
sonnet	dubathlecture	1
sonnet	jean_de_sponde	1
sonnet	lecture	1
sonnet	genevoix	1
sonnet	eparges	1
sonnet	isocelisme	1
sonnet	versjustifies	1
sonnet	oulipo	1
sonnet	reconfinement	1
nanowrimo	vlog	1
nanowrimo	nanowrimo2020	14
nanowrimo	mots	3
nanowrimo	ecriture	3
nanowrimo	defiendurance	2
nanowrimo	motivation	3
nanowrimo	nanoextrait	2
nanowrimo	extrait	1
nanowrimo	femmes	1
nanowrimo	jessicavapasbien	1
nanowrimo	elleaquittelecosse	1
nanowrimo	amwriting	1
nanowrimo	defi	1
nanowrimo	endurance	1
nanowrimo	nanowrimo20	1
nanowrimo	mes50kmots	2
nanowrimo	plumequotidienne	2
nanowrimo	winner	1
nanowrimo	nano2020	1
nanowrimo	teamml	2
nanowrimo	22nov	1
nanowrimo	nano	1
nanowrimo	lifeisbeautifulsaison2	1
nanowrimo	sfff	1
poem	emauxtive	1
poem	covid	38
poem	covid19	39
poem	coronavirus	39
poem	pandemic	38
poem	lockdown	38
poem	remoteschooling	38
poem	teenagers	38
poem	adolescence	38
poem	teenangst	38
poem	lovethruquotes	1
poem	lovepoetry	1
poem	poetry	33
poem	love	5
poem	lovequotes	1
poem	poesie	28
poem	aheadofthecurve	4
poem	amwriting	4
poem	anomaly	4
poem	antipoetry	4
poem	authorslife	4
poem	poems	5
poem	poeme	11
poem	doitoncombienqueldonc	1
poem	textedereconfinement	4
poem	confinee	4
poem	confinement	4
poem	textedepoesie	4
poem	poesiefrancaise	4
poem	helenjurenauteure	4
poem	helenjuren	4
poem	merci	7
poem	sweetdreams	1
poem	translation	1
poem	french	4
poem	triste	1
poem	vie	1
poem	life	2
poem	nature	1
poem	tree	1
poem	ecologie	1
poem	ecology	1
poem	art	3
poem	litterature	1
poem	philosophie	1
poem	philosophy	1
poem	amour	3
poem	spiritualite	1
poem	spiritual	1
poem	spirituality	1
poem	espoir	1
poem	hope	1
poem	technologie	1
poem	argent	1
poem	avantgarde	1
poem	cryptic	1
poem	futureisanattitude	1
poem	iconoclast	1
poem	indieauthor	1
poem	literary	1
poem	literatureposts	1
poem	poetstwitter	1
poem	rhymes	1
poem	selfpub	1
poem	wordsmith	1
poem	writerscafe	1
poem	writingcommunity	1
poem	poetrycommunity	1
poem	wednesday	1
poem	poetrythatrhymes	1
poem	poetryblogs	1
poem	writer	1
poem	writing	1
poem	thoughts	1
poem	poetrylovers	1
poem	writerscommunity	1
poem	follow	1
poem	words	3
poem	wednesdaywisdom	1
poem	goodnighteveryone	1
poem	stayhome	1
poem	staysafe	1
poem	fernandopessoa	1
poem	flying	1
poem	lisbon	1
poem	berlin	1
poem	flight	1
poem	wisdom	1
poem	quote	1
poem	postcard	1
poem	escape	2
poem	light	2
poem	shadows	2
poem	sorrow	2
poem	sleep	2
poem	transcend	2
poem	anchor	2
poem	places	2
poem	lost	2
poem	pain	1
poem	heart	1
poem	singe	1
poem	flame	1
poem	evade	1
poem	outrun	1
poem	avecpolichinelle	1
poem	haiku	11
poem	micropoetry	1
poem	haikudaily	1
poem	poet	1
poem	augingembre	1
poem	sweetnight	1
poem	photooftheday	2
poem	artbook	1
poem	photography	1
poem	book	1
poem	instagram	1
poem	fnac	1
poem	onelife	1
poem	femina	1
poem	myart	1
poem	auteur	1
poem	artiste	1
poem	livrephoto	1
poem	frenchtext	1
poem	lescimentsnacres	1
poem	amore	1
poem	beaute	1
poem	matin	1
poem	france	2
poem	vsspoem	2
poem	vss	2
poem	virus	1
poesiefrancais	philthepoete	3
poesiefrancais	ecriture	3
poesiefrancais	poetry	3
poesiefrancais	slampoesie	3
poesiefrancais	poet	2
poesiefrancais	poete	3
poesiefrancais	poeme	3
poesiefrancais	sonnet	3
poesiefrancais	poetrycommunity	2
poesiefrancais	poesie	3
poesiefrancais	poetrywriter	3
poesiefrancais	poetrylovers	3
poesiefrancais	poetrydayirl	2
poesiefrancais	poetryisnotdead	2
poesiefrancais	poetry_planet	3
poesiefrancais	francophone	3
poesiefrancais	quebec	3
senryu	haiku	1
senryu	haiclip	1
senryu	followme	1
nanowrimo2020	nanowrimo	23
nanowrimo2020	lenanodebob	3
nanowrimo2020	wordcount	3
nanowrimo2020	murphyavaitraison	4
nanowrimo2020	motivation	6
nanowrimo2020	nanoaura	7
nanowrimo2020	vospetitsmots	4
nanowrimo2020	unmotdeplusestunmotdeplus	7
nanowrimo2020	prompt	3
nanowrimo2020	ecriture	6
nanowrimo2020	jour25	1
nanowrimo2020	nanoextrait	4
nanowrimo2020	extrait	1
nanowrimo2020	femmes	1
nanowrimo2020	amwriting	4
nanowrimo2020	mes50kmots	2
nanowrimo2020	wattpad	2
nanowrimo2020	winner	1
nanowrimo2020	jour24	1
nanowrimo2020	lecture	1
nanowrimo2020	the	3
nanowrimo2020	chapitre	1
nanowrimo2020	marylinmonroe	1
nanowrimo2020	auteur	5
nanowrimo2020	roman	5
nanowrimo2020	plaisir	2
nanowrimo2020	challenge	1
nanowrimo2020	concept	1
nanowrimo2020	brumesamer	1
nanowrimo2020	writer	1
nanowrimo2020	romancier	1
nanowrimo2020	ecrivain	1
nanowrimo2020	livre	1
nanowrimo2020	book	1
nanowrimo2020	jour22	1
nanowrimo2020	com	1
nanowrimo2020	france	1
nanowrimo2020	deadpool	1
nanowrimo2020	spotify	3
nanowrimo2020	nuit	1
nanowrimo2020	nano	4
nanowrimo2020	vismavieen2020	1
nanowrimo2020	amediting	1
nanowrimo2020	amreading	1
nanowrimo2020	writing	1
nanowrimo2020	editing	1
nanowrimo2020	reading	1
nanowrimo2020	fiction	1
nanowrimo2020	storytelling	1
nanowrimo2020	writingtips	1
nanowrimo2020	writerslife	1
nanowrimo2020	writinghabit	1
nanowrimo2020	nanowrimo20	1
nanowrimo2020	bookclub	1
nanowrimo2020	joie	1
nanowrimo2020	ecrire	1
nanowrimo2020	mots	1
nanowrimo2020	commentaire	1
nanowrimo2020	intrigue	1
nanowrimo2020	jour20	1
nanowrimo2020	hanszimmer	1
nanowrimo2020	theamazongspiderman2	1
nanowrimo2020	19nov	1
nanowrimo2020	plumepositive	1
poeme	poesie	41
poeme	vers	1
poeme	amour	2
poeme	alexandrins	1
poeme	mariemgaralihadoussa	2
poeme	calendrier2021	5
poeme	delloly	4
poeme	mots	5
poeme	lesprit	1
poeme	bfmtv	1
poeme	auteur	3
poeme	author	2
poeme	ladiva	1
poeme	youc	1
poeme	theatre	1
poeme	lci	2
poeme	cnews	1
poeme	pandemie	2
poeme	lemepris	1
poeme	liberte	1
poeme	devenir	1
poeme	gardiennes	1
poeme	honneur	1
poeme	contrelefeminicide	2
poeme	contrelesviolencesfaitesauxfemmes	1
poeme	endviolenceagainstwomen	1
poeme	philthepoete	5
poeme	slampoem	3
poeme	poetry	19
poeme	slampoesie	3
poeme	poet	3
poeme	poete	3
poeme	acrostiche	3
poeme	poetrycommunity	3
poeme	writer	2
poeme	poetrywriter	3
poeme	poetrylovers	3
poeme	poetrydayirl	3
poeme	poetryisnotdead	3
poeme	poetry_planet	3
poeme	slam	2
poeme	haiku	9
poeme	micropoesie	3
poeme	micropoeme	3
poeme	lecturepourtous	3
poeme	humour	8
poeme	artufel	9
poeme	radio	9
poeme	cover	9
poeme	live	9
poeme	mashup	9
poeme	libreantenne	9
poeme	artufelradio	9
poeme	laurentartufel	9
poeme	cinema	9
poeme	artiste	9
poeme	maggydecoster	3
poeme	alternance	1
poeme	laissezvivre	1
poeme	confinement	8
poeme	francophonie	15
poeme	quebec	13
poeme	pantheonsorbonne	13
poeme	labnf	10
poeme	lycee	11
poeme	universite	11
poeme	lyceen	10
poeme	etudiant	10
poeme	sorbonne	1
poeme	reconfinement	6
poeme	timide	1
poeme	fartoukh	5
poeme	lesecrits	4
poeme	ecrits	3
poeme	livre	3
poeme	cabinetelephonique	2
poeme	pessoa	1
poeme	lesmemeres	1
poeme	crieurpublic	1
poeme	marche	1
poeme	motsdoux	1
poeme	anonce	1
poeme	revendication	1
poeme	contestations	1
poeme	salvagnac	1
poeme	igerssalvagnac	1
poeme	tarn	1
poeme	igerstarn	1
poeme	occitanie	1
poeme	midipyrenees	1
poeme	sudouest_focus_on	1
poeme	france	1
poeme	poemequebecois	1
poeme	poesieacadienne	1
poeme	nubilum77	1
poeme	poem	4
poeme	poems	1
poeme	doitoncombienqueldonc	1
poeme	textedereconfinement	2
poeme	confinee	2
poeme	textedepoesie	2
poeme	poesiefrancaise	2
poeme	helenjurenauteure	2
poeme	helenjuren	2
poeme	blog	1
poeme	rire	1
poeme	peutonriredetout	1
poeme	reflexion	1
poeme	frenchpoem	1
poeme	words	2
poeme	rennes	1
poeme	parfum	1
poeme	sentiments	1
poeme	feileacan	1
poeme	jour	3
poeme	impromptu	1
poeme	separation	1
poeme	matin	1
poeme	lundifleuri	1
poeme	nadineadra	6
poeme	papillon	1
poeme	liban	5
poeme	random	2
poeme	leagueoflegends	2
poeme	riotgames	2
poeme	champion	2
poeme	lol	2
poeme	novembre	2
poeme	soumission	1
poeme	femmes	1
poeme	luttercontrelesviolencesfaitesauxfemmes	1
poeme	spm	1
poeme	complots	1
poeme	covid19	1
poeme	lecturedusoir	1
poeme	livredujour	1
poeme	revelelafemmequiestentoi	1
poeme	soitoimeme	1
poeme	reveletoi	1
poeme	puissancefeminine	1
poeme	pouvoirinterieur	1
poeme	lectureconfinement	1
poeme	cadeaufemme	1
poeme	ideecadeau	1
poeme	cadeaujeunemaman	1
poeme	cadeaumami	1
poeme	cadeaumaman	1
poeme	reverie	1
poeme	zen	1
poeme	grain_de_sable	1
poeme	photography	1
poeme	refexion	1
poeme	migrant	2
poeme	militaires	2
poeme	abjects	2
poeme	polices	2
poeme	vigiles	1
poeme	vaillance	1
poeme	refugie	1
poeme	enfant	1
poeme	commeunenfant	1
poeme	monde	1
poeme	sublime	1
poeme	mondesublime	1
poeme	avecpolichinelle	1
poeme	lyon	2
poeme	paris15	2
poeme	levallois	2
poeme	nanterre	2
poeme	google	1
poeme	ia	1
poeme	machinelearning	1
poeme	innovationforeveryone	1
poeme	esperance	1
poeme	automne	1
poeme	politiques	1
poeme	ecologisme	1
poeme	cynisme	1
poeme	frenchpoetry	1
poeme	litterature	1
poeme	lettresfrancaises	1
poeme	parissorbonne	1
poeme	summoners	1
poeme	runeterra	1
poeme	nami	1
poeme	wukong	1
poeme	mm	1
poeme	sonnet	1
poeme	quatrain	1
poeme	unautomnedesrondeaux	1
poeme	algorithme	1
poeme	noel	1
poeme	rondeauredouble	1
poeme	lectureavoixhaute	1
poeme	mardipoesie	1
poeme	mardiconseil	1
poeme	lorient	1
poeme	weedsmokers	1
poeme	shit	1
poeme	clermontf	1
poeme	beuh	1
poeme	restaurants	1
poeme	saintetienne	1
poeme	nice	1
poeme	resterchezvous	1
poeme	finduconfinement	1
poeme	oetry	1
poeme	annecy	1
poeme	citation	1
poeme	punchline	1
poeme	instantpoesie	1
poeme	tanelbaz	1
poeme	strophe	1
poeme	ecriture	1
poeme	lire	1
poeme	amourdesmots	1
poesia	poesie	68
poesia	poetry	67
poesia	maradona	1
poesia	argentina	1
poesia	lapelotadelpulpo	1
poesia	indranamirthanayagam	1
poesia	poema	2
poesia	amor	2
poesia	sentimentos	1
poesia	amar	1
poesia	sentimento	1
poesia	versos	1
poesia	respeiteasminas	1
poesia	commencement	3
poesia	onceuponatime	3
poesia	vie	3
poesia	etoiles	1
poesia	poems	1
poesia	readingpoems	1
poesia	poetrycommunity	3
poesia	blogger	1
poesia	bloggerstribe	1
poesia	dvdlr	1
poesia	aufilduvent	1
poesia	writingpoems	1
poesia	citation	3
poesia	aarp	2
poesia	poemas	3
poesia	theophilegautier	1
poesia	poetas	1
poesia	poetasdefrancia	1
poesia	soneto	1
poesia	poetrylovers	1
frenchpoetry	youtube	26
frenchpoetry	machaineyoutube	26
frenchpoetry	youtubeur	26
frenchpoetry	francophonie	16
frenchpoetry	poesie	94
frenchpoetry	sorbonne	59
frenchpoetry	quebec	58
frenchpoetry	confinement	31
frenchpoetry	lycee	59
frenchpoetry	universite	57
frenchpoetry	lyceen	54
frenchpoetry	etudiant	54
frenchpoetry	reconfinement	25
frenchpoetry	poemesdujour	15
frenchpoetry	poemes	8
frenchpoetry	haiku	7
frenchpoetry	eau	1
frenchpoetry	ciel	1
frenchpoetry	terre	1
frenchpoetry	labnf	38
frenchpoetry	lune	2
frenchpoetry	nuit	2
frenchpoetry	automne	2
frenchpoetry	poeme	3
frenchpoetry	poetry	2
frenchpoetry	litterature	2
frenchpoetry	lettresfrancaises	2
frenchpoetry	parissorbonne	2
frenchpoetry	calme	1
frenchpoetry	silence	3
frenchpoetry	soleil	1
frenchpoetry	jour	1
frenchpoetry	lettres	1
frenchpoetry	printemps	1
frenchpoetry	hiver	1
frenchpoetry	manque	1
frenchpoetry	givre	1
frenchpoetry	arbre	1
litterature	zagdanski	2
litterature	handwriting	2
litterature	art	5
litterature	contemporary	2
litterature	literature	2
litterature	stephanezagdanski	2
litterature	ecriture	7
litterature	artcontemporain	2
litterature	peinture	3
litterature	calligraphie	2
litterature	loeuvredemavie	2
litterature	goya	1
litterature	cinema	2
litterature	culture	7
litterature	visioconference	1
litterature	prixlitteraire	2
litterature	prix	1
litterature	livre	13
litterature	academiefrancaise	1
litterature	academiciens	1
litterature	recompense	2
litterature	etiennedemontety	1
litterature	livres	9
litterature	lecture	13
litterature	poesie	3
litterature	citation	1
litterature	pontneuf	1
litterature	emission	1
litterature	emissionculturelle	1
litterature	livreaddict	1
litterature	oeuvre	1
litterature	russie	5
litterature	iakoutie	4
litterature	russes	4
litterature	regions	4
litterature	scifi	2
litterature	roman	6
litterature	alaindamasio	1
litterature	fantasy	1
litterature	book	3
litterature	sciencefiction	1
litterature	cultureg	1
litterature	prixjulesrenard	1
litterature	prixrenedeobaldia	1
litterature	romanjeunesse	1
litterature	lucileclement	1
litterature	lestalikaos	1
litterature	pyrenees	1
litterature	luchon	1
litterature	fantastique	6
litterature	nature	4
litterature	romanfantastique	3
litterature	lucas	3
litterature	lire	4
litterature	lespoemestoutnus	1
litterature	eduardopisani	1
litterature	edouardo	1
litterature	jetaimelelundi	1
litterature	poemes	1
litterature	poetes	1
litterature	poetry	1
litterature	biodiversite	1
litterature	oralisation	1
litterature	humeur	2
litterature	bonplan	1
litterature	lirepourvivre	1
litterature	francoismauriac	2
litterature	jeudiautoedition	1
litterature	histoire	2
litterature	traduction	2
litterature	feminite	3
litterature	corps	3
litterature	timbres	1
litterature	portrait	1
litterature	xixesiecle	1
litterature	jeudiphoto	2
litterature	photographie	1
litterature	victorhugo	1
litterature	georgesand	1
litterature	onebook	1
litterature	rentreelitteraire2020	1
litterature	auteur	1
litterature	autrice	1
litterature	litteraturejeunesse	1
litterature	vendangesdemalagar	1
litterature	femmes	1
litterature	medecine	1
litterature	charcot	1
litterature	salpetriere	1
litterature	hypnose	1
litterature	hyste	1
litterature	style	1
litterature	ecrire	1
litterature	livreaudio	1
litterature	audio	1
litterature	biarritz	3
litterature	mediatheque	3
litterature	barrault	1
litterature	o	1
litterature	quidam	1
litterature	jeudilecture	1
litterature	ecrivain	2
litterature	balzac	1
litterature	francophonie	2
litterature	booktwitter	1
litterature	booktwt	1
litterature	books	1
litterature	libros	1
litterature	twitter	1
litterature	jeudi	1
litterature	nuit	1
litterature	frissons	1
litterature	paranormal	1
litterature	librairies	1
litterature	terreur	1
litterature	lecturedumoment	1
litterature	parlestempsquicourent	2
litterature	baudelaire	2
litterature	argot	2
litterature	noel	1
litterature	cadeau	1
litterature	replay	2
litterature	bretagne5	2
litterature	1593khz	2
litterature	matinale	2
litterature	actualite	1
litterature	lombreduphenix	1
litterature	ldp	1
litterature	leaven	1
litterature	romance	1
litterature	jeunesse	2
litterature	autoedition	1
litterature	amazon	1
litterature	kdp	1
litterature	reading	1
litterature	auteure	1
litterature	bibliotheque	1
litterature	texaco	1
litterature	interview	1
litterature	dystopie	1
litterature	thriller	1
litterature	societe	1
litterature	cirque	1
litterature	reve	1
litterature	voyage	1
litterature	miroir	1
litterature	amour	1
litterature	confinement	2
litterature	quebec	1
litterature	friot	1
litterature	auteurs	1
litterature	edition	1
litterature	unebonneideepourbiencommencerlajournee	4
litterature	musique	4
litterature	bd	4
litterature	artsplastiques	4
litterature	challengeaz	1
litterature	architecture	1
litterature	oulipo	1
litterature	oumupo	1
litterature	oubapo	1
litterature	chapeaux	1
litterature	marquez	1
litterature	nobel	1
litterature	colombie	1
litterature	mexico	1
litterature	aracataca	1
litterature	bonjour	1
litterature	libraires	3
litterature	francoislegault	3
litterature	jacquesprevert	1
litterature	feuillesblanches	1
litterature	citationdusoir	1
litterature	espoir	1
litterature	heureux	1
litterature	poete	1
litterature	pensee	1
litterature	wherewordsfallintopieces	1
litterature	polqc	1
litterature	instagram	1
litterature	covid19	1
litterature	haiti	1
haiku	lesmotsdecello	1
haiku	poesie	21
haiku	ballade	1
haiku	confinement	3
haiku	mothern	1
haiku	alsace	1
haiku	rhin	1
haiku	micropoesie	4
haiku	poeme	6
haiku	micropoeme	3
haiku	lecturepourtous	3
haiku	maradona	1
haiku	maradona60	1
haiku	cabinetelephonique	2
haiku	lundifleuri	1
haiku	optimisme	14
haiku	ligue_des_optimistes	16
haiku	chaine	1
haiku	soif	1
haiku	etonnement	1
haiku	amour	14
haiku	anges	14
haiku	love	14
haiku	vivre	14
haiku	confianceensoi	2
haiku	lesmemeres	1
haiku	crieurpublic	1
haiku	marche	1
haiku	motsdoux	1
haiku	anonce	1
haiku	revendication	1
haiku	contestations	1
haiku	salvagnac	1
haiku	igerssalvagnac	1
haiku	tarn	1
haiku	igerstarn	1
haiku	occitanie	1
haiku	midipyrenees	1
haiku	sudouest_focus_on	1
haiku	france	1
haiku	poemesdujour	4
haiku	frenchpoetry	2
haiku	poemes	2
haiku	eau	1
haiku	ciel	1
haiku	terre	1
haiku	haikuchallenge	3
haiku	haikus	4
haiku	haikudujour	2
haiku	japon	4
haiku	artjaponais	2
haiku	tokyo	2
haiku	sorbonne	2
haiku	francophonie	2
haiku	langueso	2
haiku	jour	2
haiku	random	2
haiku	leagueoflegends	2
haiku	riotgames	2
haiku	champion	2
haiku	lol	2
haiku	novembre	2
haiku	erotique	9
haiku	pornku	1
haiku	poetry	10
haiku	nude	1
haiku	certifiedloser	2
haiku	loser	2
haiku	yourefiredtrump	2
haiku	yourefired	2
haiku	savoir	8
haiku	lumineux	8
haiku	pensees	8
haiku	tanka	2
haiku	jardin	2
haiku	kunst	1
haiku	collageart	1
haiku	suppentopf	1
haiku	albtraume	1
haiku	lune	1
haiku	nuit	1
haiku	automne	2
haiku	yourefired45	1
haiku	paris	2
haiku	poetrycommunity	2
haiku	micropoetry	1
haiku	haikudaily	1
haiku	poem	7
haiku	summoners	1
haiku	runeterra	1
haiku	nami	1
haiku	wukong	1
haiku	52haikus2020	1
haiku	autumn	1
haiku	fall	1
haiku	vent	1
haiku	wind	1
haiku	audreyhepburn	1
haiku	tiffany	1
haiku	trumancapote	1
haiku	blakeedwards	1
haiku	givenchy	1
haiku	essentiel	5
haiku	orage	5
haiku	duvet	5
haiku	envol	5
haiku	merci	2
haiku	naturelovers	1
poetrylovers	philthepoete	16
poetrylovers	poeme	10
poetrylovers	slampoem	7
poetrylovers	poetry	19
poetrylovers	slampoesie	10
poetrylovers	poet	10
poetrylovers	poete	10
poetrylovers	acrostiche	4
poetrylovers	poetrycommunity	17
poetrylovers	writer	9
poetrylovers	poetrywriter	10
poetrylovers	poetrydayirl	9
poetrylovers	poetryisnotdead	9
poetrylovers	poetry_planet	10
poetrylovers	slam	6
poetrylovers	lovethruquotes	2
poetrylovers	lovepoetry	2
poetrylovers	love	4
poetrylovers	lovequotes	2
poetrylovers	wednesdaywisdom	4
poetrylovers	spainculture	1
poetrylovers	latinculture	1
poetrylovers	writingprompt	1
poetrylovers	amwriting	1
poetrylovers	poems	6
poetrylovers	art	3
poetrylovers	writing	4
poetrylovers	life	3
poetrylovers	witingprompt	1
poetrylovers	follow	3
poetrylovers	poetryblogs	3
poetrylovers	wednesday	2
poetrylovers	poetrythatrhymes	2
poetrylovers	poem	3
poetrylovers	thoughts	2
poetrylovers	writerscommunity	2
poetrylovers	words	2
poetrylovers	ilovepoetry	1
poetrylovers	writers	1
poetrylovers	poesie	7
poetrylovers	mardiconseil	1
poetrylovers	videoviral	1
poetrylovers	videooftheday	1
poetrylovers	reflexion	1
poetrylovers	meditation	1
poetrylovers	souffle	5
poetrylovers	citation	1
poetrylovers	aarp	1
poetrylovers	poemas	1
poetrylovers	poesia	1
poetrylovers	podcast	1
poetrylovers	podcasts	1
poetrylovers	slampoetry	1
poetrylovers	slameuse	1
poetrylovers	ecriture	3
poetrylovers	sonnet	3
poetrylovers	poesiefrancais	3
poetrylovers	francophone	3
poetrylovers	quebec	3
poetrylovers	lovepoems	1
poetrylovers	quotes	1
poetrylovers	instapoetry	1
poetrylovers	sadpoetry	1
poetrylovers	confinement	2
poetrylovers	confinementacte2	2
poetrylovers	confinement2	1
poetrylovers	confinementsaison2	1
poetrylovers	confinementlecture	1
poetrylovers	kindledeals	1
poetrylovers	romance	1
poetrylovers	amour	1
sampoesie	poesie	9
sampoesie	haiku	3
sampoesie	twitterature	3
oulipo	lesbronzesfontduski	1
oulipo	googlechallenge	2
oulipo	outwipo	2
oulipo	1resultat	1
oulipo	google	1
oulipo	unebonneideepourbiencommencerlajournee	4
oulipo	litterature	5
oulipo	musique	4
oulipo	bd	4
oulipo	artsplastiques	4
oulipo	associationdidees	4
oulipo	surrealisme	4
oulipo	dada	4
oulipo	architecture	1
oulipo	oumupo	1
oulipo	oubapo	1
oulipo	1resultatgoogle	1
oulipo	sondages	1
oulipo	lipo	1
oulipo	palindrome	1
oulipo	perec	6
oulipo	queneau	6
oulipo	francais	6
oulipo	contraintes	1
oulipo	creation	1
poemas	stephanmallarme	4
poemas	poetas	12
poemas	poetasdefrancia	8
poemas	entrelafronda	2
poemas	poetasdebolivia	2
poemas	ricardojaimesfreyre	2
poemas	citation	2
poemas	aarp	2
poemas	poesie	2
poemas	poetry	2
poemas	poesia	6
poemas	poetrycommunity	2
poemas	theophilegautier	4
poemas	soneto	4
poemas	poetrylovers	1
poemas	solos	2
poemas	poetisas	2
poemas	poetasdevenezuela	2
nanoextrait	nanowrimo2020	8
nanoextrait	nanowrimo	6
nanoextrait	extrait	1
nanoextrait	femmes	1
nanoextrait	lespleursduvide	5
nanoextrait	nuitderaison	1
