aiku	erotique	9
Haiku	pornku	1
Haiku	poetry	17
Haiku	nude	1
Haiku	certifiedloser	2
Haiku	loser	2
Haiku	yourefiredtrump	2
Haiku	yourefired	2
Haiku	poeme	4
Haiku	poesie	31
Haiku	micropoesie	3
Haiku	micropoeme	2
Haiku	lecturepourtous	2
Haiku	optimisme	18
Haiku	ligue_des_optimistes	20
Haiku	savoir	8
Haiku	lumineux	8
Haiku	pensees	8
Haiku	amour	18
Haiku	anges	18
Haiku	love	18
Haiku	vivre	18
Haiku	tanka	2
Haiku	japon	3
Haiku	jardin	2
Haiku	kunst	1
Haiku	collageart	1
Haiku	suppentopf	1
Haiku	albtraume	1
Haiku	confianceensoi	2
Haiku	poemesdujour	4
Haiku	frenchpoetry	3
Haiku	poemes	3
Haiku	lune	1
Haiku	nuit	4
Haiku	automne	2
Haiku	yourefired45	1
Haiku	paris	2
Haiku	poetrycommunity	2
Haiku	micropoetry	1
Haiku	haikudaily	1
Haiku	poem	11
Haiku	jour	2
Haiku	random	2
Haiku	leagueoflegends	2
Haiku	riotgames	2
Haiku	champion	2
Haiku	summoners	2
Haiku	runeterra	2
Haiku	lol	2
Haiku	novembre	2
Haiku	nami	1
Haiku	wukong	1
Haiku	haikuchallenge	2
Haiku	haikus	3
Haiku	haikudujour	1
Haiku	artjaponais	1
Haiku	tokyo	1
Haiku	confinement	1
Haiku	sorbonne	1
Haiku	francophonie	1
Haiku	langueso	1
Haiku	52haikus2020	1
Haiku	autumn	1
Haiku	fall	1
Haiku	vent	1
Haiku	wind	1
Haiku	audreyhepburn	1
Haiku	tiffany	1
Haiku	trumancapote	1
Haiku	blakeedwards	1
Haiku	givenchy	1
Haiku	essentiel	10
Haiku	orage	10
Haiku	duvet	10
Haiku	envol	10
Haiku	merci	6
Haiku	naturelovers	1
Haiku	eichhornchen	1
Haiku	wurschtl	1
Haiku	sobotka	1
Haiku	lundifleuri	1
Haiku	haikyu	4
Haiku	winter	2
Haiku	calme	1
Haiku	silence	1
Haiku	lundipoesie	1
Haiku	sweetnight	1
Haiku	photooftheday	1
Haiku	zyra	1
Haiku	kalista	1
Haiku	mariesigal	1
tanka	haiku	7
tanka	japon	2
tanka	poesie	5
tanka	jardin	2
tanka	desserts	1
tanka	sundayvibes	1
tanka	poetry	1
tanka	samedidenrire	2
tanka	atelier	1
tanka	jeudiphoto	1
tanka	naturelovers	1
tanka	nature	1
senryu	haiku	1
senryu	haiclip	1
senryu	followme	1
senryu	confinementsaison2	1
senryu	catholiques	1
senryu	gouvernement	1
senryu	ouvrezlesrestaurants	1
micropoetry	hangtenstories	8
micropoetry	surround	8
micropoetry	trahiparlesien	1
micropoetry	art	1
micropoetry	haiku	26
micropoetry	haikudaily	2
micropoetry	poetry	9
micropoetry	poem	8
micropoetry	lovestory	8
micropoetry	poetrycommunity	9
micropoetry	writingcommunity	9
micropoetry	poems	9
micropoetry	poesie	76
micropoetry	haikuchallenge	1
micropoetry	haikupunkture	1
micropoetry	6mots	1
micropoetry	poesia	52
micropoetry	poeme	5
micropoetry	micropoesie	5
micropoetry	micropoeme	5
micropoetry	micropoem	5
micropoetry	lecturepourtous	5
micropoetry	mylenwyd	1
micropoetry	ventresaintgris	1
micropoetry	hep	1
micropoetry	writers	1
micropoetry	poet	1
micropoetry	wordporn	1
micropoetry	poets	1
micropoetry	poetstribe	1
micropoetry	poemsporn	1
micropoetry	writerscommunity	1
micropoetry	quotes	1
micropoetry	spilledink	1
micropoetry	writersnetwork	1
micropoetry	lovepoems	1
micropoetry	author	1
micropoetry	poetsoftwitter	1
micropoetry	poetsandwriters	1
micropoetry	creative	1
micropoetry	monoku	1
micropoesie	haiku	40
micropoesie	poeme	10
micropoesie	poesie	29
micropoesie	micropoeme	10
micropoesie	lecturepourtous	10
micropoesie	mariesigal	1
micropoesie	twitterature	5
micropoesie	elections2020	1
micropoesie	litterature	12
micropoesie	automne	2
micropoesie	poem	5
micropoesie	poetry	7
micropoesie	micropoetry	5
micropoesie	micropoem	5
micropoesie	japon	2
micropoesie	twiterature	2
micropoesie	chante	1
micropoesie	talent	1
micropoesie	musique	1
micropoesie	meteo	1
micropoesie	zen	1
micropoesie	poetrycommunity	1
micropoesie	matin	1
micropoesie	pessimisme	2
micropoesie	monoku	1
micropoesie	quatrain	1
micronouvelle	horreur	1
micronouvelle	creepy	1
micronouvelle	paranormal	1
micronouvelle	winchester	1
micronouvelle	hante	1
micronouvelle	carotte	1
micronouvelle	mdr	1
micronouvelle	lecture	1
micronouvelle	microfiction	1
micronouvelle	dinosaures	1
micronouvelle	writober	3
micronouvelle	sfff	3
micronouvelle	ecriture	1
micronouvelle	histoire	1
micronouvelle	nouvelle	1
micronouvelle	scifi	1
micronouvelle	fantasy	1
micronouvelle	iamwriting	1
slampoesie	philthepoete	15
slampoesie	poeme	9
slampoesie	slampoem	6
slampoesie	poetry	9
slampoesie	poet	8
slampoesie	poete	9
slampoesie	acrostiche	3
slampoesie	poetrycommunity	8
slampoesie	writer	5
slampoesie	poetrywriter	9
slampoesie	poetrylovers	9
slampoesie	poetrydayirl	8
slampoesie	poetryisnotdead	8
slampoesie	poetry_planet	9
slampoesie	slam	4
slampoesie	ecriture	3
slampoesie	sonnet	3
slampoesie	poesie	3
slampoesie	poesiefrancais	3
slampoesie	francophone	3
slampoesie	quebec	3
slampoesie	lamaisondesparents	1
slampoesie	slamalecole	1
slampoesie	ligueslamdefrance	1
ironème	ironemes	76
ironème	flaubert	1
ironème	olivierveran	1
ironème	covid19	1
ironème	daval	1
acrostiche	philthepoete	4
acrostiche	poeme	2
acrostiche	slampoem	2
acrostiche	poetry	2
acrostiche	slampoesie	2
acrostiche	poet	2
acrostiche	poete	2
acrostiche	poetrycommunity	2
acrostiche	writer	1
acrostiche	poetrywriter	2
acrostiche	poetrylovers	2
acrostiche	poetrydayirl	2
acrostiche	poetryisnotdead	2
acrostiche	poetry_planet	2
acrostiche	slam	1
acrostiche	cheri	1
acrostiche	6mots	1
acrostiche	floral	1
Poésie	25novembre	1
Poésie	nouveautes	1
Poésie	fraichementarrives	1
Poésie	roman	1
Poésie	lecture	1
Poésie	paroleauxfemmes	3
Poésie	livre	1
Poésie	1mot1haiku	1
Poésie	haykus	1
Poésie	haikus	1
Poésie	ia	2
Poésie	google	2
Poésie	edgarallanpoe	1
Poésie	poeme	6
Poésie	complots	1
Poésie	translating	2
Poésie	poetry	19
Poésie	chilean	2
Poésie	hiver	1
Poésie	nouveaute	1
Poésie	covid19	1
Poésie	litterature	5
Poésie	sitaudis	1
Poésie	photoshop	1
Poésie	retouche	1
Poésie	ciel	1
Poésie	test	1
Poésie	remplacement	1
Poésie	retouchephoto	1
Poésie	traduction	1
Poésie	poete	2
Poésie	youtube	2
Poésie	machaineyoutube	2
Poésie	youtubeur	2
Poésie	frenchpoetry	9
Poésie	sorbonne	8
Poésie	quebec	8
Poésie	confinement	4
Poésie	lycee	8
Poésie	universite	7
Poésie	lyceen	7
Poésie	etudiant	7
Poésie	labnf	6
Poésie	reconfinement	4
Poésie	cali	3
Poésie	lecturedusoir	1
Poésie	livredujour	1
Poésie	revelelafemmequiestentoi	1
Poésie	soitoimeme	1
Poésie	reveletoi	1
Poésie	puissancefeminine	1
Poésie	pouvoirinterieur	1
Poésie	lectureconfinement	1
Poésie	cadeaufemme	1
Poésie	ideecadeau	1
Poésie	cadeaujeunemaman	1
Poésie	cadeaumami	1
Poésie	cadeaumaman	1
Poésie	francophonie	1
Poésie	paris	1
Poésie	lapoesieautempsducoronavirus	1
Poésie	coronavirus	1
Poésie	haiku	2
Poésie	micropoesie	1
Poésie	micropoeme	1
Poésie	lecturepourtous	1
Poésie	commencement	3
Poésie	onceuponatime	3
Poésie	vie	3
Poésie	delloly	2
Poésie	mots	3
Poésie	words	2
Poésie	paris06	2
Poésie	parfum	2
Poésie	noctambule	1
Poésie	lespoemestoutnus	1
Poésie	eduardopisani	1
Poésie	edouardo	1
Poésie	jetaimelelundi	1
Poésie	poemes	2
Poésie	poetes	1
Poésie	culture	3
Poésie	parisjetaime	1
Poésie	goodnight	1
Poésie	bonsoir	1
Poésie	buonaserata	1
Poésie	staysafe	1
Poésie	poesia	13
Poésie	sentiments	1
Poésie	couleurs	1
Poésie	auteur	1
Poésie	author	1
Poésie	complainte	1
Poésie	ladiva	1
Poésie	rencontre	1
Poésie	jour	1
Poésie	impromptu	1
Poésie	alexandrin	1
Poésie	conscience	1
Poésie	bretagne	1
Poésie	loctudy	1
Poésie	champagne	2
Poésie	slam	2
Poésie	croatan	1
Poésie	feminisme	1
Poésie	theorie	1
Poésie	bandits	1
Poésie	revolution	1
Poésie	livres	1
Poésie	artiste	1
Poésie	musique	1
Poésie	inspiration	1
Poésie	talent	1
Poésie	decouverte	1
Poésie	univers	1
Poésie	musiqueactuelle	1
Poésie	live	1
Poésie	spectacle	3
Poésie	dosedepoesie	1
Poésie	unpoeteparmois	1
Poésie	poesiedujour	1
Poésie	photo	2
Poésie	interview	2
Poésie	reves	2
Poésie	piano	2
Poésie	humour	3
Poésie	etoiles	1
Poésie	poems	1
Poésie	readingpoems	1
Poésie	poetrycommunity	1
Poésie	blogger	1
Poésie	bloggerstribe	1
Poésie	dvdlr	1
Poésie	aufilduvent	1
Poésie	writingpoems	1
Poésie	deconfinement	1
Poésie	chat	1
Poésie	deconfine	1
Poésie	enfants	1
Poésie	bricolage	1
Poésie	sapins	1
Poésie	covid19france	1
Poésie	languefrancaise	1
Poésie	couvrefeu	1
Poésie	luchini	1
Poésie	rimbaud	1
Poésie	poesiecontemporaine	1
Poésie	ligue_des_optimistes	2
Poésie	polar	1
Poésie	nantes	1
poesia	commencement	3
poesia	onceuponatime	3
poesia	poesie	65
poesia	vie	3
poesia	poetry	62
poesia	etoiles	1
poesia	poems	1
poesia	readingpoems	1
poesia	poetrycommunity	3
poesia	blogger	2
poesia	bloggerstribe	2
poesia	dvdlr	1
poesia	aufilduvent	1
poesia	writingpoems	1
poesia	citation	5
poesia	aarp	2
poesia	poemas	4
poesia	theophilegautier	2
poesia	poetas	2
poesia	poetasdefrancia	2
poesia	soneto	2
poesia	poetrylovers	1
poesia	catalana	1
poesia	catalunyanord	1
poesia	la	1
poesia	velociraptora	1
poesia	histrionica	1
poesia	france	1
poesia	mexique	1
poesia	lamarge	1
poesia	sophia	1
poesia	etre	1
poesia	readingpoem	1
poesia	writing	1
poesia	writingcommunity	1
poesia	writingpoem	1
poesia	goodmorning	1
twitterature	1mot1haiku	4
twitterature	haykus	4
twitterature	haikus	4
twitterature	poesie	17
twitterature	haiku	16
twitterature	micropoesie	5
twitterature	elections2020	1
twitterature	litterature	12
twitterature	sampoesie	3
twitterature	meteo	1
twitterature	automne	1
twitterature	zen	1
tweeterature	humour	26
tweeterature	humeur	4
oulipo	lipo	1
oulipo	palindrome	1
oulipo	perec	6
oulipo	queneau	6
oulipo	francais	6
oulipo	litterature	1
oulipo	contraintes	1
oulipo	creation	1
oulipo	associationdidees	3
oulipo	surrealisme	3
oulipo	dada	3
oulipo	fibonacciday	2
oulipien	s	1
oulipien	oulipo	1
oulipien	oulipost	1
oulipien	oulipienne	1
oulipien	textedereconfinement	1
oulipien	confinee	1
oulipien	confinement	1
oulipien	helenjuren	1
nanowrimo	jessicavapasbien	1
nanowrimo	elleaquittelecosse	1
nanowrimo	nanowrimo2020	11
nanowrimo	amwriting	1
nanowrimo	mots	2
nanowrimo	ecriture	2
nanowrimo	defi	1
nanowrimo	endurance	1
nanowrimo	motivation	2
nanowrimo	defiendurance	1
nanowrimo	nanowrimo20	2
nanowrimo	mes50kmots	2
nanowrimo	nanoextrait	3
nanowrimo	plumequotidienne	2
nanowrimo	winner	1
nanowrimo	nano2020	1
nanowrimo	teamml	2
nanowrimo	22nov	1
nanowrimo	nano	2
nanowrimo	lifeisbeautifulsaison2	1
nanowrimo	sfff	2
Writober	sfff	3
Writober	ecriture	1
Writober	micronouvelle	1
Writober	histoire	1
Writober	nouvelle	1
Writober	scifi	1
Writober	fantasy	1
Writober	iamwriting	1
Writober	wattpad	1
Writober	hebdocubes	1
Writober	writever	1
covidpoeme	poesie	4
covidpoeme	carnetdepandemie	1
sampoesie	poesie	9
sampoesie	haiku	3
sampoesie	twitterature	3
1mot1haïku	haykus	4
1mot1haïku	haikus	4
1mot1haïku	poesie	4
6mots	np	1
6mots	confinementacte2	3
6mots	noustoutes	1
6mots	violencesfaitesauxfemmes	1
