haiku	ligue_des_optimistes	8
haiku	rule82	1
haiku	feet	1
haiku	tickling	1
haiku	girls	1
haiku	theloudhouse	1
haiku	lucy	1
haiku	persefone	1
haiku	loud	1
haiku	1mot1haiku	32
haiku	poesie	27
haiku	micropoesie	10
haiku	twitterature	3
haiku	ombres	24
haiku	erotique	7
haiku	optimisme	7
haiku	meilleur	7
haiku	monde	7
haiku	soleil	7
haiku	ame	7
haiku	amour	7
haiku	anges	7
haiku	love	7
haiku	vivre	7
haiku	litterature	3
haiku	poemesdujour	2
haiku	poeme	3
haiku	micropoeme	1
haiku	lecturepourtous	1
haiku	yosakoi	2
haiku	dance	1
haiku	poem	1
haiku	pai ju 	1
haiku	ming zi 	1
haiku	yong ri	1
haiku	micropoetry	3
haiku	chien	3
haiku	hiver	3
haiku	haikuchallenge	2
haiku	haikus	2
haiku	haikudujour	2
haiku	japon	4
haiku	artjaponais	2
haiku	tokyo	2
haiku	reconfinement	1
haiku	sorbonne	2
haiku	vendredilecture	1
haiku	langueso	2
haiku	gelb	1
haiku	tagescollage	1
haiku	collagart	1
haiku	kunst	1
haiku	museumsunlocked	1
haiku	lyrik	1
haiku	gedicht	1
haiku	vendredihaiku	1
haiku	jeudiphoto	5
haiku	tanka	3
haiku	herissons	1
haiku	confianceensoi	1
haiku	francophonie	1
haiku	jardin	1
pantoun	traduction	1
pantoun	appelatextes	1
pantoun	at	1
pantoun	lundipoesie	1
pantoun	revuelitteraire	1
pantoun	publication	1
pantoun	poesie	1
pantoun	chimere	1
pantoun	sardinosaure	3
tanka	ombres	2
tanka	haiku	11
tanka	herissons	1
tanka	japon	3
tanka	poesie	12
tanka	jardin	3
tanka	litterature	3
tanka	micropoesie	1
tanka	twitterature	1
tanka	poetry	6
tanka	micropoetry	6
senryu	poesie	4
senryu	catholiques	2
senryu	ratp	2
senryu	ombres	3
senryu	haiku	21
senryu	haikupoetry	1
senryu	poem	1
senryu	poetry	1
senryu	haiclip	2
senryu	followme	2
micropoetry	1mot1haiku	3
micropoetry	haiku	27
micropoetry	lovestory	9
micropoetry	poetrycommunity	13
micropoetry	writingcommunity	9
micropoetry	poems	11
micropoetry	lumiere	1
micropoetry	emotions	1
micropoetry	micropoema	1
micropoetry	haykus	1
micropoetry	poesie	53
micropoetry	poetry	31
micropoetry	poesia	38
micropoetry	art	20
micropoetry	amour	9
micropoetry	poets	5
micropoetry	writer	5
micropoetry	poetrylovers	11
micropoetry	tanka	6
micropoetry	micropoesie	4
micropoetry	mtl	1
micropoetry	hangtenstories	6
micropoetry	surround	6
micropoetry	trahiparlesien	1
micropoesie	1mot1haiku	29
micropoesie	haiku	48
micropoesie	poesie	43
micropoesie	twitterature	12
micropoesie	ombres	10
micropoesie	litterature	17
micropoesie	poeme	4
micropoesie	micropoeme	4
micropoesie	lecturepourtous	4
micropoesie	ombre	4
micropoesie	tanka	3
micronouvelle	writever	5
micronouvelle	ecrire	3
micronouvelle	sfff	2
micronouvelle	scifi	2
micronouvelle	teasing	1
micronouvelle	lire	1
micronouvelle	lecture	1
micronouvelle	microfiction	1
micronouvelle	supermarche	1
micronouvelle	nanofiction	1
micronouvelle	horreur	1
micronouvelle	creepy	1
micronouvelle	paranormal	1
micronouvelle	winchester	1
micronouvelle	hante	1
micronouvelle	carotte	1
micronouvelle	mdr	1
nanofiction	writever	3
nanofiction	micronouvelle	1
nanofiction	ecrire	1
slampoesie	philthepoete	14
slampoesie	ecriture	11
slampoesie	poetry	13
slampoesie	poet	11
slampoesie	poete	11
slampoesie	poeme	11
slampoesie	poetrycommunity	10
slampoesie	poesie	8
slampoesie	poetrywriter	10
slampoesie	poetrylovers	10
slampoesie	poetrydayirl	10
slampoesie	poetryisnotdead	10
slampoesie	poetry_planet	10
slampoesie	poesiefrancais	8
slampoesie	franco	7
slampoesie	francophone	8
slampoesie	quebec	8
slampoesie	slamalecole	2
slampoesie	ligueslam	2
slampoesie	oralite	1
slampoesie	slam	3
slampoesie	marcsmith	1
slampoesie	soireeslam	2
slampoesie	katindo	1
slampoesie	gomaslamsession	1
slampoesie	slamaufeminin	1
slampoesie	slampoem	2
slampoesie	acrostiche	2
slampoesie	writer	2
ironème	ironemes	72
ironème	jdmp	2
ironème	clone	1
ironème	macron	1
ironème	buisine	1
ironème	violencespolicieres	1
ironème	migrants	1
acrostiche	jeudiconfession	9
acrostiche	vendredisein	1
acrostiche	ombres	1
acrostiche	6mots	1
poésie	hiver	1
poésie	quebec	2
poésie	poeme	5
poésie	litterature	6
poésie	culture	2
poésie	1mot1haiku	14
poésie	haiku	15
poésie	cinema	2
poésie	musique	1
poésie	world	1
poésie	arts	1
poésie	liberte	1
poésie	libertaire	1
poésie	amour	2
poésie	mystique	1
poésie	artiste	2
poésie	peinture	1
poésie	bonjour	5
poésie	art	8
poésie	micropoesie	6
poésie	twitterature	2
poésie	ombres	1
poésie	pensee	2
poésie	poesia	2
poésie	poetry	9
poésie	bibliotheque	1
poésie	lafleche	1
poésie	poemesdujour	1
poésie	citation	1
poésie	ecrivain	1
poésie	vendredilecture	3
poésie	poete	2
poésie	philthepoete	1
poésie	ecriture	1
poésie	slampoesie	1
poésie	poet	1
poésie	poetrycommunity	1
poésie	poetrywriter	1
poésie	poetrylovers	1
poésie	poetrydayirl	1
poésie	poetryisnotdead	1
poésie	poetry_planet	1
poésie	poesiefrancais	1
poésie	franco	1
poésie	francophone	1
poésie	photography	3
poésie	bonnenuit	2
poésie	paris	1
poésie	lapoesieautempsducoronavirus	1
poésie	coronavirus	1
poésie	micropoeme	1
poésie	lecturepourtous	1
poésie	lespoemestoutnus	1
poésie	eduardopisani	1
poésie	edouardo	1
poésie	jetaimelelundi	1
poésie	poemes	1
poésie	poetes	1
poésie	slam	2
poésie	oral	1
poésie	politique	1
poésie	prixapollinaire	1
poésie	presse	1
poésie	lecture	1
poésie	slameuse	1
poésie	humour	1
poésie	mots	1
poésie	words	1
poésie	ecrire	1
poésie	mywords	1
poésie	artufel	1
poésie	radio	2
poésie	cover	1
poésie	live	1
poésie	mashup	1
poésie	libreantenne	1
poésie	artufelradio	1
poésie	laurentartufel	1
poésie	avislecture	1
poésie	critiquelitteraire	1
poésie	coupdecoeur	1
poésie	roman	1
poésie	fiction	1
poésie	corps	1
poésie	enfance	1
poésie	adolescence	1
poesia	poesie	69
poesia	poetry	50
poesia	poema	2
poesia	poesies	3
poesia	hugo	3
poesia	fontaine	3
poesia	sol	4
poesia	francisjammes	4
poesia	poetas	4
poesia	poemas	4
poesia	poetasdefrancia	4
poesia	giovannicamerana	1
poesia	donna	1
poesia	madonna	1
poesia	idolo	1
poesia	poeta	1
poesia	poetrycommunity	1
poesia	inspiration	2
poesia	repos	2
poesia	douceur	2
poesia	meditation	2
poesia	dance	2
poesia	berceuse	1
poesia	vital	1
poesia	arthurrimbaud	1
poesia	popolo	1
poesia	immersion	1
poesia	intranquillites	1
poesia	velocolaptora	1
poesia	poeme	1
poesia	timburton	1
poesia	motdujour	1
twitterature	1mot1haiku	27
twitterature	haiku	62
twitterature	poesie	60
twitterature	micropoesie	30
twitterature	ombres	18
twitterature	litterature	30
twitterature	tanka	3
twitterature	haykus	6
twitterature	micropoetry	1
twitterature	haikus	5
twitterature	haikyu	9
twitterature	meditation	1
twitterature	poeme	1
twitterature	zen	1
tweeterature	humour	26
tweeterature	humeur	2
oulipo	goncourt	26
oulipo	vendredilecture	1
oulipo	plaisirdelire	1
oulipo	associationdidees	18
oulipo	surrealisme	18
oulipo	dada	18
oulipo	herveletellier	8
oulipo	roman	1
oulipo	proust	1
oulipo	jeu	1
oulipo	contrepet	1
oulipo	odecaphonisme	2
oulipo	odk	2
oulipo	prixgoncourt	3
oulipo	gallimard	2
oulipo	envie	1
oulipo	lanomalie	3
oulipo	librairieindependante	1
oulipo	mardiconseil	1
oulipo	rl2020	1
oulipo	prixgoncourt2020	1
oulipo	groupe	1
oulipo	litteraire	1
oulipo	goncourt2020	2
oulipo	hlt	1
oulipo	sf	1
oulipo	librio	6
oulipo	letellier	6
oulipo	georgesperec	2
oulipo	raymondqueneau	3
oulipo	prolexis	1
oulipo	lecture	1
oulipo	lire	1
oulipo	litterature	6
oulipo	tousenlibrairie	1
oulipo	ouliporules	1
oulipo	papou	1
oulipo	book	1
oulipo	award	1
oulipo	livres	1
oulipo	lettresauperenoel	1
oulipo	twoulipo	1
oulipo	twittclasses	1
oulipo	exercicedestyle	2
oulipo	amour	2
oulipo	beaute	2
oulipo	femme	1
oulipo	mort	2
oulipo	poesie	2
oulipo	printempsdespoetes	1
oulipo	reconfinement	1
oulipo	passion	1
oulipo	poeme	1
oulipo	parissorbonne	1
oulipo	sorbonne	1
oulipo	confinement	2
oulipo	cyrano	1
oulipo	rostand	1
oulipo	lesbronzesfontduski	1
oulipo	googlechallenge	2
oulipo	outwipo	2
oulipo	1resultat	1
oulipo	google	1
oulipo	unebonneideepourbiencommencerlajournee	4
oulipo	musique	4
oulipo	bd	4
oulipo	artsplastiques	4
oulipo	architecture	1
oulipo	oumupo	1
oulipo	oubapo	1
oulipo	1resultatgoogle	1
oulipo	sondages	1
oulipo	lipo	1
oulipo	palindrome	1
oulipo	perec	3
oulipo	queneau	3
oulipo	francais	3
nanowrimo	replay	2
nanowrimo	bookclub	5
nanowrimo	twitch	2
nanowrimo	nanowrimo2020	16
nanowrimo	lecture	2
nanowrimo	streaming	2
nanowrimo	nanowrimo20	3
nanowrimo	iamwriting	1
nanowrimo	sfff	2
nanowrimo	mots	2
nanowrimo	ecriture	4
nanowrimo	defiendurance	2
nanowrimo	motivation	2
nanowrimo	nanowinner2020	3
nanowrimo	auteur	1
nanowrimo	roman	2
nanowrimo	ecrivain	1
nanowrimo	viedauteur	1
nanowrimo	ecrire	1
nanowrimo	50k	1
nanowrimo	campnanowrimo	1
nanowrimo	plumepositive	1
nanowrimo	victoire	1
nanowrimo	ouestleviolon	1
nanowrimo	erotisme	1
nanowrimo	amwriting	2
nanowrimo	live	1
nanowrimo	books	1
nanowrimo	livre	1
nanowrimo	direct	1
nanowrimo	romance	1
nanowrimo	romancegay	1
nanowrimo	boyslove	1
nanowrimo	wattpad	1
nanowrimo	nano	1
nanowrimo	depression	1
nanowrimo	amediting	1
nanowrimo	amreading	1
nanowrimo	writing	1
nanowrimo	editing	1
nanowrimo	reading	1
nanowrimo	fiction	1
nanowrimo	storytelling	1
nanowrimo	writingtips	1
nanowrimo	writerslife	1
nanowrimo	writinghabit	1
nanowrimo	aura	3
nanowrimo	jeamas	1
nanowrimo	scifi	1
writober	curioctober	6
writober	inkt	1
writober	octobrencre	1
writober	inktober	3
writober2020	writober	1
covidpoeme	carnetdepandemie	2
covidpoeme	internet	1
covidpoeme	derive	1
covidpoeme	ombres	8
covidpoeme	poesie	8
sampoesie	poesie	10
sampoesie	haiku	2
sampoesie	thread	3
1mot1haïku	haiku	52
1mot1haïku	poesie	47
1mot1haïku	micropoesie	13
1mot1haïku	twitterature	6
1mot1haïku	ombres	3
1mot1haïku	litterature	8
1mot1haïku	lequilibre	2
1mot1haïku	bonnenuit	8
1mot1haïku	poeme	2
1mot1haïku	micropoetry	3
1mot1haïku	ombre	2
1mot1haïku	haykus	5
1mot1haïku	haikus	5
6mots	libertedepenser	1
6mots	vendredilecture	1
6mots	bashung	1
6mots	mood	1
6mots	ligue_des_optimistes	1
6mots	photo	1
6mots	words	1
octosyllabes	poesie	4
octosyllabes	micropoeme	1
octosyllabes	quatrain	1
